-- Project Portfolio Tracker — Sample data inserts
-- Run AFTER 01_create_tables.sql.
-- Generated from CSVs by generate_inserts.py.

-- employees: 50 rows
INSERT INTO employees (employee_id, full_name, role, department, hourly_rate, hire_date) VALUES
  (1, 'Alex Johnson', 'Project Manager', 'Delivery', 119.16, '2020-09-30'),
  (2, 'Brystal Patel', 'Project Manager', 'Operations', 118.65, '2024-02-12'),
  (3, 'Carlos Garcia', 'Project Manager', 'Finance', 87.19, '2018-05-03'),
  (4, 'Dana Lee', 'Project Manager', 'Operations', 68.27, '2024-10-01'),
  (5, 'Eli Nguyen', 'Project Manager', 'Finance', 64.88, '2024-02-11'),
  (6, 'Fatima Brown', 'Project Manager', 'Operations', 89.92, '2021-02-13'),
  (7, 'Grace Khan', 'Project Manager', 'Operations', 114.81, '2021-10-25'),
  (8, 'Hassan Davis', 'Engineer', 'Operations', 66.53, '2021-10-10'),
  (9, 'Imani Martin', 'Senior Analyst', 'Delivery', 82.99, '2022-01-10'),
  (10, 'Jorge Wilson', 'Designer', 'Finance', 71.45, '2018-06-27'),
  (11, 'Kelly Anderson', 'Coordinator', 'Finance', 57.48, '2022-03-31'),
  (12, 'Liam Thomas', 'Senior Analyst', 'Finance', 74.32, '2022-01-21'),
  (13, 'Maya Jackson', 'Consultant', 'PMO', 51.96, '2020-07-22'),
  (14, 'Noah White', 'Engineer', 'Delivery', 130.53, '2019-02-18'),
  (15, 'Olivia Harris', 'Developer', 'Engineering', 90.34, '2022-02-03'),
  (16, 'Priya Clark', 'Analyst', 'Engineering', 80.53, '2020-12-29'),
  (17, 'Quinn Lewis', 'Senior Analyst', 'Finance', 108.5, '2023-12-28'),
  (18, 'Ravi Walker', 'Consultant', 'Operations', 91.23, '2021-01-10'),
  (19, 'Sofia Young', 'Consultant', 'PMO', 77.43, '2018-08-18'),
  (20, 'Theo Allen', 'Consultant', 'Delivery', 125.5, '2022-07-02'),
  (21, 'Uma King', 'Engineer', 'Delivery', 66.1, '2024-05-12'),
  (22, 'Victor Wright', 'Designer', 'Operations', 110.54, '2022-06-09'),
  (23, 'Wendy Scott', 'Coordinator', 'Operations', 71.49, '2020-10-07'),
  (24, 'Xavier Green', 'Engineer', 'PMO', 103.46, '2024-07-18'),
  (25, 'Yara Baker', 'Developer', 'Engineering', 66.93, '2019-07-21'),
  (26, 'Zane Adams', 'Coordinator', 'Delivery', 120.58, '2019-03-26'),
  (27, 'Aiden Hill', 'Analyst', 'PMO', 61.0, '2022-09-26'),
  (28, 'Bella Mitchell', 'Senior Analyst', 'Design', 83.16, '2023-04-02'),
  (29, 'Caleb Carter', 'Engineer', 'Finance', 131.08, '2018-02-17'),
  (30, 'Diana Roberts', 'Senior Analyst', 'PMO', 133.48, '2020-12-28'),
  (31, 'Ethan Phillips', 'Designer', 'Delivery', 74.35, '2019-10-10'),
  (32, 'Fiona Evans', 'Coordinator', 'Delivery', 140.38, '2020-12-14'),
  (33, 'Gavin Turner', 'Analyst', 'Finance', 136.26, '2021-05-07'),
  (34, 'Hailey Diaz', 'Consultant', 'Operations', 82.39, '2019-10-24'),
  (35, 'Ian Parker', 'Project Manager', 'Finance', 77.42, '2018-03-21'),
  (36, 'Jade Edwards', 'Senior Analyst', 'Engineering', 132.87, '2021-06-13'),
  (37, 'Kyle Collins', 'Consultant', 'Delivery', 69.09, '2024-05-12'),
  (38, 'Lena Reyes', 'Senior Analyst', 'Delivery', 118.19, '2018-10-11'),
  (39, 'Marcus Stewart', 'Analyst', 'Operations', 110.98, '2024-03-01'),
  (40, 'Nina Morris', 'Analyst', 'Engineering', 97.77, '2024-10-20'),
  (41, 'Owen Murphy', 'Developer', 'Operations', 137.89, '2020-04-03'),
  (42, 'Paige Cook', 'Engineer', 'Design', 144.51, '2022-03-10'),
  (43, 'Quincy Rogers', 'Coordinator', 'Finance', 90.15, '2020-10-12'),
  (44, 'Rachel Morgan', 'Consultant', 'Delivery', 78.81, '2024-08-06'),
  (45, 'Sam Bell', 'Consultant', 'Finance', 67.02, '2018-10-18'),
  (46, 'Tara Cooper', 'Project Manager', 'Operations', 51.74, '2018-05-09'),
  (47, 'Umar Bailey', 'Designer', 'Delivery', 96.42, '2021-02-14'),
  (48, 'Vera Cox', 'Coordinator', 'Operations', 98.92, '2024-05-27'),
  (49, 'Will Howard', 'Coordinator', 'Operations', 123.46, '2022-07-26'),
  (50, 'Zoe Smith', 'Consultant', 'Delivery', 54.69, '2022-11-01');

-- projects: 20 rows
INSERT INTO projects (project_id, project_name, client_name, project_manager_id, start_date, planned_end_date, actual_end_date, budget_amount, status) VALUES
  (1, 'ERP Implementation', 'Acme Co.', 35, '2025-09-03', '2026-04-19', NULL, 60000, 'On Hold'),
  (2, 'CRM Migration', 'Initech', 6, '2026-01-12', '2026-05-27', NULL, 80000, 'On Hold'),
  (3, 'Cloud Cost Optimization', 'Globex Logistics', 3, '2025-11-25', '2026-05-12', '2026-06-08', 300000, 'Completed'),
  (4, 'Cybersecurity Uplift', 'Acme Co.', 2, '2025-10-12', '2026-06-07', NULL, 400000, 'InProgress'),
  (5, 'Data Warehouse Rebuild', 'Northwind Health', 46, '2025-05-26', '2025-10-18', NULL, 60000, 'in progress'),
  (6, 'Customer Portal Refresh', 'Initech', 35, '2025-11-02', '2026-04-13', NULL, 400000, 'On Hold'),
  (7, 'Mobile App Launch', 'Acme Co.', NULL, '2025-08-10', '2026-07-27', NULL, 300000, 'in progress'),
  (8, 'HR Systems Consolidation', 'Cyberdyne', 5, '2025-08-16', '2026-02-19', NULL, 300000, 'Paused'),
  (9, 'Compliance Remediation', 'Initech', 35, '2025-05-23', '2026-03-08', NULL, 120000, 'Canceled'),
  (10, 'Procurement Automation', 'Cyberdyne', 46, '2025-10-03', '2026-03-27', NULL, 60000, 'in progress'),
  (11, 'Reporting Modernization', 'Acme Co.', 35, '2025-09-24', '2026-02-05', NULL, 120000, 'in progress'),
  (12, 'Network Upgrade', 'Vandelay Imports', 2, '2025-06-16', '2025-11-03', NULL, 80000, 'IN-PROGRESS'),
  (13, 'Onboarding Redesign', 'Pied Piper', 4, '2025-11-03', '2026-06-14', NULL, 60000, 'In Progress'),
  (14, 'Inventory Visibility', 'Wonka Mfg', 46, '2026-01-21', '2026-09-05', NULL, 250000, 'Cancelled'),
  (15, 'Patient Scheduling Pilot', 'Umbrella Bio', 6, '2025-10-21', '2026-04-11', NULL, 150000, 'Cancelled'),
  (16, 'Field Service Rollout', 'Soylent Foods', 5, '2025-08-13', '2026-01-13', NULL, 400000, 'Cancelled'),
  (17, 'Marketing Ops Migration', 'Hooli', 2, '2026-01-25', '2026-05-27', NULL, 80000, 'Paused'),
  (18, 'Vendor Risk Program', 'Wonka Mfg', 3, '2025-11-14', '2026-07-21', NULL, 250000, 'Not Started'),
  (19, 'Service Desk Re-platform', 'Globex Logistics', 6, '2026-01-27', '2027-01-07', NULL, 200000, 'InProgress'),
  (20, 'Quality Management Rollout', 'Vandelay Imports', 46, '2025-07-22', '2026-06-20', '2026-06-28', 60000, 'Completed');

-- tasks: 454 rows
INSERT INTO tasks (task_id, project_id, task_name, assignee_id, due_date, completed_date, status, estimated_hours) VALUES
  (1, 1, 'Hand-off integration', 17, '2026-02-26', NULL, 'Open', 4),
  (2, 1, 'Implement UAT plan', 19, '2025-10-07', NULL, 'In Progress', 40),
  (3, 1, 'Test stakeholder briefing', 41, '2025-11-02', NULL, 'In Progress', 80),
  (4, 1, 'Deploy risk register', 4, '2025-11-16', NULL, 'In Progress', 4),
  (5, 1, 'Deploy requirements', 1, '2026-02-19', NULL, 'Open', 16),
  (6, 1, 'Deploy integration', 48, '2026-03-26', NULL, 'Open', 24),
  (7, 1, 'Validate requirements', 8, '2026-01-29', NULL, 'In Progress', 4),
  (8, 1, 'Validate requirements', 24, '2026-03-05', NULL, 'Blocked', 40),
  (9, 1, 'Implement requirements', 20, '2026-01-29', NULL, 'Open', 16),
  (10, 1, 'Draft risk register', 23, '2026-04-01', NULL, 'Blocked', 8),
  (11, 1, 'Review training materials', 50, '2026-03-03', NULL, 'Open', 40),
  (12, 1, 'Kickoff integration', 16, '2025-12-23', NULL, 'Blocked', 80),
  (13, 1, 'Train integration', 27, '2025-10-21', NULL, 'Blocked', 4),
  (14, 1, 'Document test cases', 27, '2025-10-25', NULL, 'In Progress', 80),
  (15, 1, 'Deploy integration', 45, '2026-02-28', '2026-02-28', 'Done', 4),
  (16, 1, 'Test reports', 30, '2025-12-16', '2025-12-24', 'Done', 16),
  (17, 1, 'Test requirements', 43, '2025-11-27', '2025-11-27', 'Done', 8),
  (18, 1, 'Pilot data model', 50, '2025-12-21', NULL, 'Open', 16),
  (19, 1, 'Configure stakeholder briefing', 35, '2025-12-08', NULL, 'In Progress', 16),
  (20, 1, 'Deploy integration', 38, '2025-09-17', NULL, 'Open', 16),
  (21, 1, 'Configure training materials', 47, '2025-09-19', NULL, 'Open', 80),
  (22, 1, 'Validate data model', 25, '2025-11-29', NULL, 'Open', 40),
  (23, 1, 'Kickoff rollout plan', 1, '2025-10-28', NULL, 'Open', 40),
  (24, 1, 'Kickoff vendor SOW', 48, '2026-04-04', NULL, 'In Progress', 60),
  (25, 2, 'Approve training materials', 43, '2026-04-22', '2026-04-25', 'Done', 80),
  (26, 2, 'Validate UAT plan', 43, '2026-02-19', '2026-02-21', 'Done', 24),
  (27, 2, 'Validate integration', 13, '2026-04-12', '2026-04-14', 'Done', 24),
  (28, 2, 'Approve change request', 20, '2026-04-26', '2026-04-24', 'Done', 24),
  (29, 2, 'Configure test cases', 38, '2026-01-19', '2026-01-18', 'Done', 40),
  (30, 2, 'Plan reports', 33, '2026-04-11', '2026-04-18', 'Done', 24),
  (31, 2, 'Validate stakeholder briefing', 41, '2026-03-03', '2026-03-05', 'Done', 40),
  (32, 2, 'Train reports', 44, '2026-04-14', NULL, 'Open', 16),
  (33, 2, 'Draft requirements', 16, '2026-03-17', '2026-03-14', 'Done', 24),
  (34, 2, 'Kickoff vendor SOW', 25, '2026-02-06', '2026-02-05', 'Done', 24),
  (35, 2, 'Plan vendor SOW', 1, '2026-05-01', NULL, 'In Progress', 80),
  (36, 2, 'Implement test cases', 45, '2026-02-15', '2026-02-15', 'Done', 40),
  (37, 2, 'Test risk register', 8, '2026-05-17', NULL, 'Open', 24),
  (38, 2, 'Validate change request', 21, '2026-02-22', '2026-03-03', 'Done', 80),
  (39, 2, 'Configure RACI', 36, '2026-05-12', '2026-05-21', 'Done', 24),
  (40, 2, 'Migrate UAT plan', 49, '2026-02-28', '2026-03-08', 'Done', 8),
  (41, 2, 'Migrate stakeholder briefing', 16, '2026-03-30', '2026-04-08', 'Done', 16),
  (42, 2, 'Deploy reports', 18, '2026-05-11', NULL, 'Open', 16),
  (43, 2, 'Implement integration', 15, '2026-04-10', '2026-04-05', 'Done', 24),
  (44, 2, 'Configure rollout plan', 22, '2026-02-27', '2026-02-22', 'Done', 40),
  (45, 2, 'Pilot rollout plan', 25, '2026-05-18', '2026-05-17', 'Done', 80),
  (46, 3, 'Draft training materials', 20, '2026-04-28', NULL, 'Open', 80),
  (47, 3, 'Validate vendor SOW', 48, '2026-03-11', '2026-03-17', 'Done', 40),
  (48, 3, 'Test UAT plan', 28, '2026-05-05', '2026-05-13', 'Done', 24),
  (49, 3, 'Plan stakeholder briefing', 26, '2025-12-09', NULL, 'Open', 60),
  (50, 3, 'Approve cutover', 2, '2026-01-13', '2026-01-10', 'Done', 24),
  (51, 3, 'Draft data model', 42, '2026-05-02', NULL, 'In Progress', 24),
  (52, 3, 'Draft UAT plan', 25, '2026-01-05', '2026-01-03', 'Done', 16),
  (53, 3, 'Document test cases', 25, '2026-01-25', NULL, 'In Progress', 16),
  (54, 3, 'Review security review', 2, '2026-03-19', NULL, 'Open', 60),
  (55, 3, 'Document reports', 42, '2026-04-19', NULL, 'Open', 4),
  (56, 3, 'Test RACI', 2, '2025-12-12', '2025-12-12', 'Done', 40),
  (57, 3, 'Migrate stakeholder briefing', 8, '2026-01-10', NULL, 'Open', 40),
  (58, 3, 'Deploy test cases', 24, '2026-01-26', NULL, 'In Progress', 8),
  (59, 3, 'Kickoff vendor SOW', 8, '2026-05-06', NULL, 'In Progress', 80),
  (60, 3, 'Review change request', 2, '2026-01-12', NULL, 'Blocked', 16),
  (61, 4, 'Test data model', 38, '2026-01-28', NULL, 'Blocked', 60),
  (62, 4, 'Review vendor SOW', 50, '2026-05-19', NULL, 'In Progress', 16),
  (63, 4, 'Train data model', 37, '2026-05-24', NULL, 'In Progress', 80),
  (64, 4, 'Configure stakeholder briefing', 24, '2025-10-29', NULL, 'Open', 4),
  (65, 4, 'Draft RACI', 27, '2026-02-25', NULL, 'In Progress', 80),
  (66, 4, 'Document stakeholder briefing', 30, '2026-02-21', NULL, 'Open', 60),
  (67, 4, 'Kickoff cutover', 42, '2025-11-27', NULL, 'Open', 16),
  (68, 4, 'Train security review', 30, '2026-03-25', '2026-04-04', 'Done', 24),
  (69, 4, 'Deploy training materials', 16, '2026-05-18', NULL, 'In Progress', 80),
  (70, 4, 'Migrate reports', 49, '2025-11-10', NULL, 'Open', 24),
  (71, 4, 'Configure training materials', 2, '2026-03-13', NULL, 'In Progress', 24),
  (72, 4, 'Migrate reports', 23, '2026-05-24', NULL, 'Open', 80),
  (73, 4, 'Hand-off change request', 45, '2025-12-24', NULL, 'Open', 16),
  (74, 4, 'Test data model', 16, '2026-03-10', NULL, 'Open', 60),
  (75, 4, 'Train reports', 45, '2026-01-31', NULL, 'Open', 24),
  (76, 4, 'Migrate test cases', 2, '2026-04-02', NULL, 'In Progress', 4),
  (77, 4, 'Kickoff reports', 20, '2026-01-02', NULL, 'Open', 60),
  (78, 4, 'Validate cutover', 23, '2026-03-16', NULL, 'Open', 24),
  (79, 4, 'Document vendor SOW', 30, '2026-04-27', NULL, 'In Progress', 16),
  (80, 4, 'Review vendor SOW', 13, '2026-01-05', NULL, 'Open', 16),
  (81, 4, 'Train vendor SOW', 12, '2025-11-18', NULL, 'In Progress', 8),
  (82, 4, 'Deploy vendor SOW', 38, '2025-12-13', NULL, 'In Progress', 80),
  (83, 4, 'Review RACI', 13, '2026-03-02', NULL, 'In Progress', 16),
  (84, 4, 'Deploy requirements', 46, '2025-12-16', NULL, 'Open', 40),
  (85, 4, 'Draft cutover', 19, '2025-11-20', NULL, 'Open', 60),
  (86, 4, 'Train security review', 7, '2025-11-20', NULL, 'In Progress', 80),
  (87, 4, 'Migrate security review', 29, '2025-10-22', NULL, 'In Progress', 16),
  (88, 5, 'Pilot security review', 8, '2025-06-15', NULL, 'In Progress', 80),
  (89, 5, 'Review change request', 41, '2025-06-18', NULL, 'In Progress', 60),
  (90, 5, 'Train change request', 20, '2025-06-15', NULL, 'Open', 4),
  (91, 5, 'Train rollout plan', 39, '2025-08-04', NULL, 'Open', 40),
  (92, 5, 'Migrate risk register', 29, '2025-07-29', '2025-08-03', 'Done', 16),
  (93, 5, 'Approve requirements', 40, '2025-09-19', NULL, 'In Progress', 60),
  (94, 5, 'Plan reports', 17, '2025-06-27', '2025-06-26', 'Done', 60),
  (95, 5, 'Implement cutover', 5, '2025-06-22', NULL, 'Open', 8),
  (96, 5, 'Kickoff change request', 31, '2025-06-02', NULL, 'In Progress', 16),
  (97, 5, 'Kickoff UAT plan', 45, '2025-06-10', NULL, 'Open', 80),
  (98, 5, 'Test risk register', 17, '2025-09-26', NULL, 'Open', 80),
  (99, 5, 'Validate reports', 42, '2025-07-22', NULL, 'In Progress', 8),
  (100, 5, 'Draft integration', 20, '2025-08-09', '2025-08-04', 'Done', 40),
  (101, 5, 'Migrate vendor SOW', 20, '2025-08-14', NULL, 'In Progress', 60),
  (102, 5, 'Validate security review', 29, '2025-09-13', '2025-09-22', 'Done', 4),
  (103, 5, 'Approve UAT plan', 2, '2025-06-12', '2025-06-15', 'Done', 4),
  (104, 5, 'Pilot RACI', 37, '2025-07-30', NULL, 'Blocked', 40),
  (105, 5, 'Plan RACI', 18, '2025-06-07', NULL, 'Blocked', 40),
  (106, 5, 'Migrate cutover', 42, '2025-06-12', '2025-06-10', 'Done', 24),
  (107, 5, 'Approve rollout plan', 41, '2025-08-12', NULL, 'Open', 80),
  (108, 6, 'Document training materials', 43, '2025-12-02', '2025-12-08', 'Done', 4),
  (109, 6, 'Deploy stakeholder briefing', 26, '2025-12-20', '2025-12-28', 'Done', 80),
  (110, 6, 'Review training materials', 17, '2026-03-29', NULL, 'Open', 16),
  (111, 6, 'Configure RACI', 33, '2025-12-08', NULL, 'Blocked', 80),
  (112, 6, 'Migrate rollout plan', 4, '2025-11-09', '2025-11-19', 'Done', 8),
  (113, 6, 'Plan security review', 49, '2026-03-21', '2026-03-29', 'Done', 4),
  (114, 6, 'Hand-off UAT plan', 29, '2025-12-31', '2025-12-28', 'Done', 60),
  (115, 6, 'Plan change request', 16, '2026-03-13', NULL, 'Open', 60),
  (116, 6, 'Validate rollout plan', 6, '2025-12-19', '2025-12-12', 'Done', 8),
  (117, 6, 'Plan RACI', 10, '2025-12-08', '2025-12-04', 'Done', 24),
  (118, 6, 'Configure RACI', 31, '2026-01-22', '2026-01-23', 'Done', 24),
  (119, 6, 'Configure reports', 39, '2026-01-10', '2026-01-07', 'Done', 40),
  (120, 6, 'Train test cases', 27, '2025-12-13', '2025-12-14', 'Done', 16),
  (121, 6, 'Deploy vendor SOW', 20, '2026-03-18', '2026-03-11', 'Done', 80),
  (122, 6, 'Pilot integration', 29, '2026-04-08', '2026-04-16', 'Done', 40),
  (123, 6, 'Train cutover', 25, '2026-03-12', '2026-03-22', 'Done', 24),
  (124, 6, 'Approve rollout plan', 15, '2026-01-30', '2026-01-30', 'Done', 80),
  (125, 6, 'Kickoff security review', 46, '2026-02-22', NULL, 'Open', 80),
  (126, 6, 'Migrate requirements', 9, '2026-02-14', '2026-02-11', 'Done', 40),
  (127, 6, 'Pilot RACI', 29, '2026-04-09', '2026-04-05', 'Done', 4),
  (128, 6, 'Kickoff integration', 27, '2026-03-23', '2026-03-16', 'Done', 80),
  (129, 6, 'Train UAT plan', 22, '2025-12-18', NULL, 'Open', 40),
  (130, 6, 'Pilot stakeholder briefing', 35, '2026-02-18', '2026-02-21', 'Done', 24),
  (131, 6, 'Pilot cutover', 3, '2026-01-29', '2026-02-06', 'Done', 40),
  (132, 6, 'Plan risk register', 19, '2025-11-26', NULL, 'In Progress', 8),
  (133, 6, 'Train stakeholder briefing', 46, '2025-12-02', '2025-11-28', 'Done', 80),
  (134, 6, 'Hand-off requirements', 3, '2025-12-04', '2025-12-06', 'Done', 16),
  (135, 6, 'Configure integration', 16, '2025-11-23', '2025-11-27', 'Done', 40),
  (136, 6, 'Implement integration', 6, '2026-02-22', '2026-02-20', 'Done', 40),
  (137, 6, 'Migrate risk register', 38, '2026-02-14', '2026-02-14', 'Done', 8),
  (138, 7, 'Deploy stakeholder briefing', 1, '2026-04-10', '2026-04-17', 'Done', 80),
  (139, 7, 'Implement data model', 29, '2026-04-12', '2026-04-22', 'Done', 16),
  (140, 7, 'Configure vendor SOW', 17, '2026-06-13', NULL, 'In Progress', 24),
  (141, 7, 'Configure RACI', 31, '2026-01-18', NULL, 'Open', 4),
  (142, 7, 'Document change request', 19, '2025-12-16', NULL, 'In Progress', 60),
  (143, 7, 'Pilot stakeholder briefing', 26, '2026-01-15', NULL, 'Open', 16),
  (144, 7, 'Hand-off change request', 48, '2025-08-21', '2025-08-15', 'Done', 24),
  (145, 7, 'Approve test cases', 23, '2026-01-10', '2026-01-10', 'Done', 8),
  (146, 7, 'Deploy stakeholder briefing', 49, '2026-07-08', NULL, 'Open', 60),
  (147, 7, 'Plan data model', 41, '2026-07-20', '2026-07-17', 'Done', 60),
  (148, 7, 'Migrate requirements', 38, '2025-09-06', NULL, 'In Progress', 16),
  (149, 7, 'Deploy training materials', 48, '2025-10-23', NULL, 'Open', 24),
  (150, 7, 'Train cutover', 24, '2025-11-14', NULL, 'Open', 40),
  (151, 7, 'Deploy risk register', 31, '2026-04-30', '2026-04-28', 'Done', 80),
  (152, 7, 'Train data model', 30, '2026-01-15', '2026-01-18', 'Done', 4),
  (153, 7, 'Pilot stakeholder briefing', 47, '2025-10-28', '2025-10-28', 'Done', 60),
  (154, 7, 'Train cutover', 24, '2026-03-08', NULL, 'Blocked', 4),
  (155, 7, 'Validate data model', 30, '2026-03-07', NULL, 'Open', 16),
  (156, 7, 'Approve rollout plan', 41, '2026-07-27', '2026-07-28', 'Done', 16),
  (157, 7, 'Draft change request', 36, '2025-10-11', '2025-10-19', 'Done', 16),
  (158, 7, 'Review stakeholder briefing', 30, '2026-06-25', NULL, 'Open', 60),
  (159, 7, 'Implement requirements', 3, '2026-01-18', '2026-01-14', 'Done', 16),
  (160, 8, 'Hand-off cutover', 9, '2025-09-21', NULL, 'Open', 24),
  (161, 8, 'Kickoff vendor SOW', 35, '2025-12-17', NULL, 'In Progress', 24),
  (162, 8, 'Hand-off rollout plan', 42, '2026-01-20', '2026-01-17', 'Done', 4),
  (163, 8, 'Draft vendor SOW', 24, '2025-12-26', '2025-12-27', 'Done', 8),
  (164, 8, 'Test RACI', 24, '2025-12-14', NULL, 'In Progress', 4),
  (165, 8, 'Hand-off stakeholder briefing', 23, '2026-02-14', NULL, 'In Progress', 4),
  (166, 8, 'Review RACI', 30, '2025-12-02', NULL, 'In Progress', 4),
  (167, 8, 'Plan change request', 2, '2026-02-08', NULL, 'Open', 4),
  (168, 8, 'Implement test cases', 37, '2025-11-16', NULL, 'Open', 8),
  (169, 8, 'Test change request', 14, '2025-09-09', '2025-09-19', 'Done', 80),
  (170, 8, 'Implement test cases', 39, '2025-10-21', NULL, 'In Progress', 4),
  (171, 8, 'Implement cutover', 17, '2025-11-01', '2025-10-29', 'Done', 80),
  (172, 8, 'Pilot requirements', 9, '2025-10-06', NULL, 'Open', 4),
  (173, 8, 'Approve training materials', 2, '2025-11-22', '2025-11-22', 'Done', 8),
  (174, 8, 'Kickoff rollout plan', 34, '2025-10-29', NULL, 'Open', 4),
  (175, 8, 'Train training materials', 33, '2025-09-08', NULL, 'In Progress', 40),
  (176, 8, 'Test change request', 3, '2025-09-19', NULL, 'In Progress', 60),
  (177, 8, 'Plan requirements', 4, '2026-02-07', '2026-02-14', 'Done', 24),
  (178, 8, 'Review security review', 46, '2025-12-03', NULL, 'In Progress', 24),
  (179, 8, 'Approve integration', 5, '2025-09-10', '2025-09-13', 'Done', 8),
  (180, 8, 'Kickoff training materials', 25, '2025-11-01', '2025-11-11', 'Done', 40),
  (181, 8, 'Validate change request', 28, '2026-01-05', NULL, 'In Progress', 4),
  (182, 8, 'Plan stakeholder briefing', 50, '2026-02-18', NULL, 'Open', 40),
  (183, 8, 'Hand-off reports', 27, '2025-10-17', NULL, 'In Progress', 16),
  (184, 8, 'Kickoff data model', 21, '2025-12-17', NULL, 'In Progress', 24),
  (185, 8, 'Implement stakeholder briefing', 31, '2025-11-11', '2025-11-15', 'Done', 4),
  (186, 8, 'Configure data model', 48, '2025-09-15', '2025-09-10', 'Done', 60),
  (187, 8, 'Draft change request', 36, '2025-11-26', '2025-12-06', 'Done', 40),
  (188, 8, 'Document RACI', 43, '2025-11-15', '2025-11-21', 'Done', 80),
  (189, 8, 'Deploy change request', 20, '2025-12-09', '2025-12-03', 'Done', 16),
  (190, 9, 'Plan security review', 15, '2026-02-13', NULL, 'Open', 80),
  (191, 9, 'Validate training materials', 8, '2025-07-24', NULL, 'Open', 80),
  (192, 9, 'Train rollout plan', 36, '2025-10-19', NULL, 'In Progress', 80),
  (193, 9, 'Plan RACI', 45, '2025-06-12', NULL, 'In Progress', 16),
  (194, 9, 'Kickoff test cases', 20, '2025-06-13', NULL, 'Open', 16),
  (195, 9, 'Pilot integration', 37, '2025-11-25', NULL, 'Open', 60),
  (196, 9, 'Kickoff stakeholder briefing', 2, '2025-12-21', NULL, 'Open', 4),
  (197, 9, 'Configure security review', 22, '2026-02-25', NULL, 'Open', 8),
  (198, 9, 'Document test cases', 37, '2025-12-05', NULL, 'Open', 40),
  (199, 9, 'Implement test cases', 40, '2025-07-12', '2025-07-09', 'Done', 4),
  (200, 9, 'Plan rollout plan', 32, '2025-07-10', NULL, 'Open', 40),
  (201, 9, 'Test test cases', 33, '2026-01-11', NULL, 'Open', 4),
  (202, 9, 'Deploy stakeholder briefing', 44, '2025-11-22', NULL, 'Open', 40),
  (203, 9, 'Deploy requirements', 15, '2026-02-03', NULL, 'In Progress', 24),
  (204, 9, 'Deploy reports', 50, '2025-06-27', NULL, 'Open', 8),
  (205, 9, 'Review requirements', 32, '2025-10-07', NULL, 'Open', 60),
  (206, 9, 'Configure cutover', 46, '2026-01-05', NULL, 'Open', 8),
  (207, 9, 'Plan test cases', 23, '2026-02-10', NULL, 'In Progress', 4),
  (208, 10, 'Hand-off data model', 21, '2025-10-20', '2025-10-27', 'Done', 40),
  (209, 10, 'Deploy data model', 26, '2026-01-27', '2026-02-02', 'Done', 4),
  (210, 10, 'Approve security review', 45, '2026-01-01', NULL, 'Open', 16),
  (211, 10, 'Test rollout plan', 38, '2025-11-01', '2025-10-28', 'Done', 24),
  (212, 10, 'Pilot UAT plan', 48, '2026-02-21', NULL, 'Open', 16),
  (213, 10, 'Review cutover', 41, '2025-12-05', '2025-12-03', 'Done', 4),
  (214, 10, 'Document vendor SOW', 42, '2026-02-22', '2026-02-26', 'Done', 80),
  (215, 10, 'Implement UAT plan', 13, '2025-11-16', NULL, 'In Progress', 8),
  (216, 10, 'Train stakeholder briefing', 5, '2026-03-13', NULL, 'Open', 8),
  (217, 10, 'Plan risk register', 37, '2026-03-19', '2026-03-26', 'Done', 60),
  (218, 10, 'Document RACI', 41, '2026-03-21', NULL, 'Blocked', 16),
  (219, 10, 'Migrate stakeholder briefing', 20, '2025-11-17', '2025-11-25', 'Done', 80),
  (220, 10, 'Validate data model', 20, '2025-12-19', '2025-12-23', 'Done', 24),
  (221, 10, 'Document RACI', 19, '2026-02-02', NULL, 'Open', 4),
  (222, 10, 'Approve change request', 33, '2026-03-24', '2026-03-19', 'Done', 24),
  (223, 10, 'Migrate risk register', 37, '2026-02-05', '2026-01-30', 'Done', 60),
  (224, 10, 'Validate integration', 4, '2025-11-27', '2025-12-05', 'Done', 24),
  (225, 10, 'Kickoff data model', 33, '2025-11-05', '2025-11-08', 'Done', 60),
  (226, 10, 'Kickoff security review', 29, '2025-11-23', NULL, 'Open', 40),
  (227, 10, 'Document risk register', 19, '2026-02-20', '2026-02-24', 'Done', 24),
  (228, 10, 'Train stakeholder briefing', 42, '2026-01-22', '2026-01-16', 'Done', 16),
  (229, 10, 'Plan rollout plan', 19, '2025-10-26', '2025-11-05', 'Done', 16),
  (230, 10, 'Approve RACI', 10, '2026-03-27', NULL, 'Blocked', 16),
  (231, 10, 'Hand-off training materials', 20, '2025-10-30', '2025-10-27', 'Done', 60),
  (232, 10, 'Kickoff data model', 20, '2026-01-18', NULL, 'Open', 40),
  (233, 10, 'Pilot integration', 43, '2026-01-14', '2026-01-17', 'Done', 60),
  (234, 10, 'Plan rollout plan', 33, '2026-02-21', NULL, 'Open', 16),
  (235, 11, 'Test training materials', 50, '2026-01-01', NULL, 'Open', 24),
  (236, 11, 'Implement integration', 5, '2025-11-19', NULL, 'Open', 16),
  (237, 11, 'Validate RACI', 48, '2025-10-26', NULL, 'In Progress', 40),
  (238, 11, 'Hand-off test cases', 40, '2025-10-10', NULL, 'In Progress', 8),
  (239, 11, 'Implement RACI', 45, '2026-01-05', NULL, 'Open', 80),
  (240, 11, 'Draft rollout plan', 24, '2025-11-12', NULL, 'In Progress', 60),
  (241, 11, 'Approve UAT plan', 49, '2025-11-30', NULL, 'Blocked', 60),
  (242, 11, 'Test UAT plan', 31, '2026-01-23', NULL, 'Open', 80),
  (243, 11, 'Approve security review', 30, '2025-11-19', NULL, 'Open', 80),
  (244, 11, 'Validate rollout plan', 11, '2025-12-12', '2025-12-21', 'Done', 80),
  (245, 11, 'Pilot UAT plan', 4, '2025-11-21', '2025-11-18', 'Done', 60),
  (246, 11, 'Hand-off data model', 46, '2026-02-01', '2026-02-11', 'Done', 80),
  (247, 11, 'Train integration', 18, '2025-11-01', NULL, 'Open', 24),
  (248, 11, 'Hand-off reports', 29, '2025-11-07', '2025-11-02', 'Done', 16),
  (249, 11, 'Configure cutover', 24, '2025-10-07', NULL, 'In Progress', 8),
  (250, 12, 'Draft training materials', 7, '2025-07-13', NULL, 'In Progress', 80),
  (251, 12, 'Draft UAT plan', 31, '2025-09-16', '2025-09-13', 'Done', 60),
  (252, 12, 'Migrate change request', 1, '2025-07-28', '2025-08-05', 'Done', 4),
  (253, 12, 'Pilot integration', 36, '2025-06-27', NULL, 'In Progress', 60),
  (254, 12, 'Deploy reports', 20, '2025-10-09', NULL, 'Open', 4),
  (255, 12, 'Plan test cases', 40, '2025-07-05', NULL, 'Open', 24),
  (256, 12, 'Hand-off security review', 39, '2025-07-09', NULL, 'Open', 40),
  (257, 12, 'Kickoff integration', 19, '2025-06-27', '2025-06-27', 'Done', 24),
  (258, 12, 'Approve rollout plan', 12, '2025-06-23', '2025-06-23', 'Done', 60),
  (259, 12, 'Review cutover', 35, '2025-07-14', '2025-07-18', 'Done', 40),
  (260, 12, 'Pilot security review', 3, '2025-10-30', '2025-11-04', 'Done', 60),
  (261, 12, 'Deploy vendor SOW', 2, '2025-09-30', NULL, 'Blocked', 16),
  (262, 12, 'Kickoff stakeholder briefing', 41, '2025-07-10', NULL, 'In Progress', 4),
  (263, 12, 'Document cutover', 22, '2025-09-16', NULL, 'Open', 80),
  (264, 12, 'Kickoff security review', 41, '2025-08-06', '2025-08-13', 'Done', 8),
  (265, 12, 'Train security review', 3, '2025-07-27', NULL, 'Open', 16),
  (266, 12, 'Test risk register', 3, '2025-08-13', NULL, 'Open', 16),
  (267, 12, 'Migrate UAT plan', 3, '2025-09-10', '2025-09-20', 'Done', 80),
  (268, 12, 'Pilot test cases', 4, '2025-08-10', NULL, 'In Progress', 80),
  (269, 12, 'Train training materials', 28, '2025-09-15', NULL, 'In Progress', 24),
  (270, 12, 'Document integration', 32, '2025-10-13', '2025-10-18', 'Done', 60),
  (271, 12, 'Train cutover', 18, '2025-10-28', NULL, 'In Progress', 80),
  (272, 12, 'Configure change request', 12, '2025-07-14', '2025-07-09', 'Done', 40),
  (273, 12, 'Review training materials', 43, '2025-09-06', NULL, 'In Progress', 16),
  (274, 12, 'Kickoff rollout plan', 11, '2025-09-09', NULL, 'In Progress', 60),
  (275, 12, 'Draft vendor SOW', 23, '2025-10-14', NULL, 'In Progress', 40),
  (276, 12, 'Train requirements', 5, '2025-10-12', NULL, 'In Progress', 60),
  (277, 13, 'Draft integration', 39, '2026-02-11', '2026-02-09', 'Done', 60),
  (278, 13, 'Implement data model', 16, '2026-05-29', NULL, 'In Progress', 80),
  (279, 13, 'Configure change request', 3, '2026-04-24', NULL, 'In Progress', 40),
  (280, 13, 'Document security review', 49, '2025-12-19', '2025-12-23', 'Done', 4),
  (281, 13, 'Document rollout plan', 21, '2026-04-05', NULL, 'Open', 60),
  (282, 13, 'Review requirements', 48, '2026-01-20', NULL, 'Open', 8),
  (283, 13, 'Review UAT plan', 50, '2026-03-17', '2026-03-27', 'Done', 16),
  (284, 13, 'Approve UAT plan', 45, '2026-05-09', NULL, 'In Progress', 24),
  (285, 13, 'Pilot data model', 29, '2025-12-31', NULL, 'Open', 8),
  (286, 13, 'Review test cases', 44, '2026-05-11', NULL, 'In Progress', 80),
  (287, 13, 'Validate cutover', 19, '2026-01-30', '2026-01-25', 'Done', 16),
  (288, 13, 'Train training materials', 33, '2025-12-20', '2025-12-18', 'Done', 8),
  (289, 13, 'Train integration', 16, '2025-12-11', NULL, 'Blocked', 80),
  (290, 13, 'Validate change request', 24, '2026-03-16', NULL, 'Open', 24),
  (291, 13, 'Implement change request', 6, '2026-06-03', NULL, 'Blocked', 4),
  (292, 13, 'Kickoff vendor SOW', 31, '2026-01-28', NULL, 'In Progress', 40),
  (293, 13, 'Implement training materials', 42, '2026-02-23', '2026-02-18', 'Done', 4),
  (294, 13, 'Validate training materials', 9, '2026-03-05', NULL, 'In Progress', 80),
  (295, 13, 'Train integration', 28, '2026-05-28', '2026-05-26', 'Done', 40),
  (296, 13, 'Implement UAT plan', 11, '2025-11-24', '2025-12-03', 'Done', 8),
  (297, 13, 'Document cutover', 19, '2026-01-31', '2026-01-31', 'Done', 80),
  (298, 13, 'Plan cutover', 18, '2025-11-30', NULL, 'In Progress', 8),
  (299, 13, 'Validate data model', 33, '2026-04-19', NULL, 'In Progress', 60),
  (300, 13, 'Implement stakeholder briefing', 40, '2025-12-23', '2025-12-20', 'Done', 60),
  (301, 13, 'Hand-off change request', 3, '2026-04-13', NULL, 'In Progress', 80),
  (302, 13, 'Plan test cases', 37, '2025-11-17', NULL, 'Open', 16),
  (303, 13, 'Approve rollout plan', 40, '2026-04-25', NULL, 'Open', 60),
  (304, 14, 'Deploy stakeholder briefing', 20, '2026-06-04', '2026-06-14', 'Done', 24),
  (305, 14, 'Deploy security review', 5, '2026-03-31', '2026-04-05', 'Done', 60),
  (306, 14, 'Configure security review', 30, '2026-02-12', NULL, 'Open', 8),
  (307, 14, 'Pilot vendor SOW', 21, '2026-04-25', '2026-04-28', 'Done', 60),
  (308, 14, 'Implement test cases', 24, '2026-09-05', '2026-09-10', 'Done', 40),
  (309, 14, 'Test security review', 8, '2026-06-20', NULL, 'Open', 16),
  (310, 14, 'Review requirements', 19, '2026-05-23', NULL, 'In Progress', 24),
  (311, 14, 'Pilot training materials', 37, '2026-07-04', '2026-07-02', 'Done', 60),
  (312, 14, 'Implement security review', 33, '2026-04-18', NULL, 'Open', 24),
  (313, 14, 'Draft data model', 26, '2026-06-04', '2026-06-12', 'Done', 40),
  (314, 14, 'Test change request', 23, '2026-05-25', NULL, 'Blocked', 4),
  (315, 14, 'Deploy cutover', 1, '2026-02-09', '2026-02-17', 'Done', 80),
  (316, 14, 'Kickoff training materials', 49, '2026-02-24', '2026-02-25', 'Done', 24),
  (317, 14, 'Draft change request', 36, '2026-05-01', NULL, 'Open', 8),
  (318, 14, 'Configure cutover', 29, '2026-04-30', '2026-04-25', 'Done', 80),
  (319, 15, 'Review integration', 7, '2026-04-05', NULL, 'In Progress', 24),
  (320, 15, 'Validate training materials', 49, '2026-01-31', '2026-02-03', 'Done', 8),
  (321, 15, 'Configure cutover', 3, '2025-12-17', NULL, 'In Progress', 4),
  (322, 15, 'Document test cases', 31, '2025-11-06', NULL, 'Open', 40),
  (323, 15, 'Hand-off cutover', 9, '2026-02-21', NULL, 'Open', 16),
  (324, 15, 'Configure change request', 48, '2026-04-02', NULL, 'Open', 80),
  (325, 15, 'Validate RACI', 33, '2026-01-12', NULL, 'In Progress', 40),
  (326, 15, 'Deploy security review', 2, '2026-03-02', NULL, 'In Progress', 16),
  (327, 15, 'Configure change request', 20, '2026-01-20', NULL, 'In Progress', 80),
  (328, 15, 'Migrate UAT plan', 42, '2026-04-07', NULL, 'Open', 80),
  (329, 15, 'Kickoff requirements', 38, '2026-03-25', NULL, 'In Progress', 24),
  (330, 15, 'Kickoff change request', 50, '2025-12-10', NULL, 'In Progress', 80),
  (331, 15, 'Plan reports', 3, '2026-02-02', NULL, 'Open', 40),
  (332, 15, 'Migrate training materials', 27, '2025-11-25', NULL, 'Open', 8),
  (333, 15, 'Configure cutover', 50, '2026-02-10', NULL, 'In Progress', 40),
  (334, 15, 'Kickoff integration', 34, '2026-02-25', '2026-02-19', 'Done', 8),
  (335, 15, 'Plan security review', 34, '2026-03-20', NULL, 'Open', 24),
  (336, 15, 'Migrate risk register', 35, '2026-01-16', NULL, 'Blocked', 16),
  (337, 15, 'Train RACI', 47, '2026-03-16', NULL, 'Open', 60),
  (338, 15, 'Approve security review', 13, '2026-04-10', '2026-04-11', 'Done', 8),
  (339, 15, 'Test UAT plan', 50, '2026-01-07', NULL, 'In Progress', 16),
  (340, 15, 'Migrate training materials', 31, '2025-12-20', NULL, 'In Progress', 16),
  (341, 15, 'Train vendor SOW', 18, '2026-03-20', NULL, 'Blocked', 16),
  (342, 16, 'Configure risk register', 26, '2026-01-13', NULL, 'In Progress', 80),
  (343, 16, 'Train integration', 19, '2025-11-16', NULL, 'Blocked', 4),
  (344, 16, 'Review training materials', 29, '2025-11-01', NULL, 'Blocked', 60),
  (345, 16, 'Test reports', 35, '2025-10-24', NULL, 'In Progress', 16),
  (346, 16, 'Implement data model', 40, '2026-01-10', NULL, 'In Progress', 60),
  (347, 16, 'Plan risk register', 34, '2025-10-20', NULL, 'Open', 8),
  (348, 16, 'Configure training materials', 46, '2025-10-18', NULL, 'Open', 24),
  (349, 16, 'Implement requirements', 36, '2025-09-14', NULL, 'In Progress', 8),
  (350, 16, 'Hand-off risk register', 31, '2025-12-02', NULL, 'In Progress', 24),
  (351, 16, 'Document UAT plan', 42, '2025-10-10', '2025-10-12', 'Done', 4),
  (352, 16, 'Test cutover', 48, '2025-09-11', NULL, 'In Progress', 60),
  (353, 16, 'Configure risk register', 12, '2025-08-29', '2025-08-27', 'Done', 4),
  (354, 16, 'Hand-off vendor SOW', 19, '2025-11-29', '2025-11-27', 'Done', 4),
  (355, 16, 'Approve data model', 22, '2025-08-22', NULL, 'Open', 16),
  (356, 16, 'Validate cutover', 32, '2025-12-14', NULL, 'Blocked', 8),
  (357, 16, 'Test test cases', 8, '2025-12-27', NULL, 'In Progress', 16),
  (358, 16, 'Plan UAT plan', 46, '2025-09-30', NULL, 'In Progress', 8),
  (359, 16, 'Train UAT plan', 37, '2025-08-23', NULL, 'In Progress', 60),
  (360, 17, 'Pilot rollout plan', 33, '2026-02-23', '2026-02-28', 'Done', 16),
  (361, 17, 'Implement integration', 31, '2026-02-12', '2026-02-08', 'Done', 16),
  (362, 17, 'Configure reports', 29, '2026-03-04', NULL, 'Open', 80),
  (363, 17, 'Deploy change request', 47, '2026-03-07', NULL, 'Blocked', 40),
  (364, 17, 'Kickoff reports', 4, '2026-02-02', '2026-02-06', 'Done', 60),
  (365, 17, 'Configure stakeholder briefing', 33, '2026-02-16', '2026-02-14', 'Done', 60),
  (366, 17, 'Plan risk register', 19, '2026-05-10', '2026-05-06', 'Done', 16),
  (367, 17, 'Implement security review', 10, '2026-04-20', NULL, 'In Progress', 24),
  (368, 17, 'Document rollout plan', 45, '2026-05-07', NULL, 'Blocked', 40),
  (369, 17, 'Train reports', 44, '2026-04-02', '2026-04-01', 'Done', 80),
  (370, 17, 'Validate security review', 34, '2026-04-18', '2026-04-13', 'Done', 60),
  (371, 17, 'Approve data model', 4, '2026-03-19', NULL, 'Open', 80),
  (372, 17, 'Approve cutover', 10, '2026-04-12', '2026-04-11', 'Done', 8),
  (373, 17, 'Review stakeholder briefing', 14, '2026-03-14', '2026-03-21', 'Done', 60),
  (374, 17, 'Migrate test cases', 4, '2026-04-16', '2026-04-25', 'Done', 24),
  (375, 17, 'Approve requirements', 36, '2026-02-17', '2026-02-24', 'Done', 24),
  (376, 17, 'Configure UAT plan', 1, '2026-04-28', '2026-04-21', 'Done', 60),
  (377, 17, 'Configure training materials', 45, '2026-02-28', '2026-02-22', 'Done', 4),
  (378, 17, 'Hand-off risk register', 5, '2026-04-11', NULL, 'Blocked', 24),
  (379, 17, 'Train integration', 50, '2026-02-05', '2026-02-03', 'Done', 60),
  (380, 17, 'Document risk register', 25, '2026-05-05', '2026-05-11', 'Done', 24),
  (381, 18, 'Plan RACI', 35, '2026-02-25', NULL, 'Open', 8),
  (382, 18, 'Implement cutover', 26, '2026-05-07', '2026-05-03', 'Done', 40),
  (383, 18, 'Test RACI', 1, '2025-12-23', NULL, 'In Progress', 80),
  (384, 18, 'Migrate stakeholder briefing', 47, '2025-11-26', NULL, 'Blocked', 40),
  (385, 18, 'Pilot reports', 16, '2026-03-09', NULL, 'In Progress', 24),
  (386, 18, 'Test risk register', 47, '2026-02-17', NULL, 'Open', 80),
  (387, 18, 'Plan rollout plan', 40, '2025-12-19', NULL, 'Open', 80),
  (388, 18, 'Test reports', 5, '2026-07-18', '2026-07-11', 'Done', 4),
  (389, 18, 'Approve stakeholder briefing', 46, '2026-04-22', NULL, 'Open', 80),
  (390, 18, 'Draft rollout plan', 29, '2025-12-03', NULL, 'Open', 8),
  (391, 18, 'Pilot test cases', 4, '2026-04-08', NULL, 'Open', 8),
  (392, 18, 'Test RACI', 47, '2026-03-29', NULL, 'Blocked', 40),
  (393, 18, 'Train stakeholder briefing', 21, '2026-02-10', NULL, 'In Progress', 8),
  (394, 18, 'Test rollout plan', 20, '2026-02-06', '2026-02-15', 'Done', 16),
  (395, 18, 'Approve risk register', 48, '2025-12-06', NULL, 'In Progress', 8),
  (396, 18, 'Validate security review', 4, '2026-04-30', NULL, 'In Progress', 16),
  (397, 18, 'Configure test cases', 34, '2026-07-20', NULL, 'In Progress', 16),
  (398, 18, 'Implement UAT plan', 25, '2026-05-18', NULL, 'In Progress', 8),
  (399, 18, 'Test RACI', 15, '2026-06-02', NULL, 'In Progress', 16),
  (400, 18, 'Train security review', 4, '2026-06-28', NULL, 'In Progress', 40),
  (401, 18, 'Validate cutover', 9, '2026-03-06', NULL, 'Blocked', 24),
  (402, 18, 'Document stakeholder briefing', 6, '2026-01-22', NULL, 'Open', 24),
  (403, 18, 'Validate vendor SOW', 13, '2026-06-25', NULL, 'Open', 4),
  (404, 18, 'Approve change request', 3, '2026-01-28', NULL, 'Open', 80),
  (405, 18, 'Train change request', 47, '2025-12-09', NULL, 'Open', 60),
  (406, 18, 'Test RACI', 22, '2026-04-13', NULL, 'Open', 16),
  (407, 18, 'Hand-off reports', 48, '2026-07-11', NULL, 'Open', 4),
  (408, 19, 'Configure risk register', 16, '2026-06-07', '2026-06-06', 'Done', 40),
  (409, 19, 'Migrate cutover', 42, '2026-07-17', '2026-07-22', 'Done', 16),
  (410, 19, 'Validate risk register', 32, '2026-07-10', NULL, 'In Progress', 24),
  (411, 19, 'Train RACI', 21, '2026-03-25', '2026-04-02', 'Done', 8),
  (412, 19, 'Draft change request', 15, '2026-08-11', NULL, 'In Progress', 60),
  (413, 19, 'Validate risk register', 38, '2026-04-18', NULL, 'Open', 40),
  (414, 19, 'Test training materials', 15, '2026-09-04', NULL, 'In Progress', 24),
  (415, 19, 'Validate stakeholder briefing', 44, '2026-11-21', '2026-11-29', 'Done', 16),
  (416, 19, 'Kickoff stakeholder briefing', 48, '2026-06-14', '2026-06-22', 'Done', 24),
  (417, 19, 'Train training materials', 11, '2026-09-26', NULL, 'Open', 8),
  (418, 19, 'Hand-off risk register', 35, '2026-11-09', NULL, 'In Progress', 60),
  (419, 19, 'Pilot stakeholder briefing', 4, '2026-03-05', '2026-02-28', 'Done', 80),
  (420, 19, 'Pilot stakeholder briefing', 15, '2026-02-06', NULL, 'In Progress', 4),
  (421, 19, 'Validate security review', 24, '2026-04-21', NULL, 'Open', 4),
  (422, 19, 'Plan security review', 2, '2026-12-16', '2026-12-24', 'Done', 4),
  (423, 19, 'Draft cutover', 47, '2026-11-02', '2026-10-26', 'Done', 16),
  (424, 19, 'Draft cutover', 45, '2026-11-04', NULL, 'Blocked', 60),
  (425, 19, 'Review risk register', 7, '2026-09-11', '2026-09-09', 'Done', 40),
  (426, 19, 'Approve cutover', 17, '2026-04-20', NULL, 'Open', 80),
  (427, 19, 'Configure data model', 24, '2026-08-03', NULL, 'In Progress', 24),
  (428, 19, 'Deploy stakeholder briefing', 6, '2026-09-26', '2026-09-26', 'Done', 60),
  (429, 19, 'Configure rollout plan', 25, '2027-01-01', '2026-12-27', 'Done', 40),
  (430, 19, 'Draft vendor SOW', 11, '2026-10-04', NULL, 'Open', 4),
  (431, 19, 'Approve RACI', 7, '2026-10-16', '2026-10-19', 'Done', 40),
  (432, 19, 'Hand-off RACI', 45, '2026-02-24', NULL, 'Open', 40),
  (433, 19, 'Hand-off data model', 44, '2026-10-04', NULL, 'In Progress', 16),
  (434, 19, 'Implement risk register', 21, '2026-11-08', '2026-11-02', 'Done', 4),
  (435, 19, 'Hand-off data model', 20, '2026-05-20', '2026-05-25', 'Done', 8),
  (436, 19, 'Pilot RACI', 25, '2026-11-18', NULL, 'Open', 60),
  (437, 19, 'Train vendor SOW', 9, '2026-11-06', NULL, 'In Progress', 80),
  (438, 20, 'Document requirements', 7, '2026-04-11', NULL, 'In Progress', 24),
  (439, 20, 'Approve test cases', 40, '2025-11-24', '2025-11-27', 'Done', 40),
  (440, 20, 'Document requirements', 41, '2026-02-17', NULL, 'Blocked', 16),
  (441, 20, 'Document cutover', 25, '2026-03-16', NULL, 'In Progress', 24),
  (442, 20, 'Plan rollout plan', 6, '2025-11-01', NULL, 'In Progress', 80),
  (443, 20, 'Test vendor SOW', 5, '2026-06-10', NULL, 'Open', 4),
  (444, 20, 'Kickoff test cases', 41, '2025-12-13', NULL, 'Open', 8),
  (445, 20, 'Review data model', 1, '2026-02-13', NULL, 'Open', 16),
  (446, 20, 'Deploy data model', 9, '2026-03-13', NULL, 'Open', 4),
  (447, 20, 'Validate cutover', 33, '2025-11-01', NULL, 'In Progress', 24),
  (448, 20, 'Document cutover', 6, '2025-09-19', NULL, 'Open', 40),
  (449, 20, 'Draft UAT plan', 27, '2026-05-31', '2026-06-05', 'Done', 24),
  (450, 20, 'Validate risk register', 16, '2025-09-10', NULL, 'In Progress', 40),
  (451, 20, 'Configure integration', 9, '2026-04-21', NULL, 'Open', 16),
  (452, 20, 'Implement data model', 11, '2025-12-30', NULL, 'Open', 24),
  (453, 20, 'Migrate test cases', 5, '2025-12-17', NULL, 'In Progress', 16),
  (454, 20, 'Approve change request', 13, '2025-12-04', '2025-12-12', 'Done', 24);

-- time_entries: 1414 rows
INSERT INTO time_entries (entry_id, employee_id, task_id, entry_date, hours_logged) VALUES
  (1, 2, 431, '2026-04-29', 11.82),
  (2, 2, 318, '2026-04-30', 12.95),
  (3, 2, 195, '2026-05-01', 10.91),
  (4, 2, 412, '2026-04-29', 12.31),
  (5, 3, 204, '2026-04-30', 14.74),
  (6, 3, 164, '2026-04-28', 12.81),
  (7, 3, 150, '2026-04-29', 14.28),
  (8, 4, 103, '2026-05-01', 5.58),
  (9, 4, 304, '2026-04-30', 8.33),
  (10, 4, 280, '2026-04-28', 6.82),
  (11, 4, 93, '2026-04-29', 7.99),
  (12, 4, 350, '2026-04-27', 7.96),
  (13, 5, 72, '2026-04-29', 10.48),
  (14, 5, 325, '2026-04-30', 10.87),
  (15, 5, 156, '2026-04-27', 9.85),
  (16, 5, 124, '2026-05-01', 9.94),
  (17, 6, 215, '2026-05-01', 8.28),
  (18, 6, 279, '2026-04-27', 6.83),
  (19, 6, 19, '2026-04-28', 8.47),
  (20, 6, 405, '2026-04-29', 7.0),
  (21, 6, 185, '2026-05-01', 6.63),
  (22, 7, 386, '2026-04-27', 9.03),
  (23, 7, 170, '2026-04-29', 9.67),
  (24, 7, 408, '2026-05-01', 10.67),
  (25, 7, 221, '2026-05-01', 9.66),
  (26, 8, 302, '2026-04-27', 7.95),
  (27, 8, 354, '2026-04-29', 7.75),
  (28, 8, 257, '2026-04-27', 6.85),
  (29, 8, 78, '2026-04-28', 7.54),
  (30, 8, 177, '2026-04-29', 7.87),
  (31, 9, 50, '2026-04-30', 9.46),
  (32, 9, 225, '2026-04-29', 8.63),
  (33, 9, 370, '2026-04-27', 8.57),
  (34, 9, 357, '2026-04-29', 10.44),
  (35, 10, 125, '2026-04-29', 7.18),
  (36, 10, 265, '2026-04-30', 6.2),
  (37, 10, 90, '2026-04-30', 7.39),
  (38, 10, 283, '2026-04-28', 7.42),
  (39, 10, 82, '2026-04-30', 6.69),
  (40, 11, 304, '2026-04-28', 11.12),
  (41, 11, 220, '2026-04-27', 12.23),
  (42, 11, 200, '2026-05-01', 11.06),
  (43, 11, 3, '2026-04-29', 11.09),
  (44, 13, 161, '2026-05-01', 6.84),
  (45, 13, 306, '2026-04-29', 9.04),
  (46, 13, 199, '2026-05-01', 7.02),
  (47, 13, 313, '2026-04-29', 9.26),
  (48, 13, 201, '2026-05-01', 6.75),
  (49, 16, 73, '2026-04-28', 7.22),
  (50, 16, 262, '2026-04-30', 6.06),
  (51, 16, 199, '2026-05-01', 7.58),
  (52, 16, 215, '2026-04-28', 7.16),
  (53, 16, 306, '2026-04-30', 6.37),
  (54, 17, 28, '2026-04-28', 8.69),
  (55, 17, 444, '2026-04-30', 10.99),
  (56, 17, 184, '2026-05-01', 10.06),
  (57, 17, 5, '2026-04-30', 10.15),
  (58, 17, 249, '2026-04-30', 10.23),
  (59, 18, 16, '2026-04-27', 6.32),
  (60, 18, 408, '2026-05-01', 6.37),
  (61, 18, 390, '2026-04-30', 7.2),
  (62, 18, 113, '2026-04-30', 7.15),
  (63, 18, 150, '2026-04-27', 7.22),
  (64, 19, 278, '2026-04-30', 10.14),
  (65, 19, 422, '2026-04-30', 8.81),
  (66, 19, 388, '2026-04-28', 9.39),
  (67, 19, 22, '2026-04-27', 9.85),
  (68, 20, 444, '2026-04-28', 11.13),
  (69, 20, 61, '2026-05-01', 12.57),
  (70, 20, 398, '2026-05-01', 12.4),
  (71, 20, 416, '2026-04-28', 12.35),
  (72, 21, 292, '2026-04-29', 16.29),
  (73, 21, 180, '2026-04-28', 15.47),
  (74, 21, 273, '2026-04-29', 15.37),
  (75, 22, 418, '2026-04-30', 10.86),
  (76, 22, 49, '2026-04-29', 10.7),
  (77, 22, 70, '2026-04-28', 10.2),
  (78, 22, 385, '2026-04-28', 8.85),
  (79, 22, 403, '2026-04-29', 10.59),
  (80, 23, 73, '2026-04-30', 10.13),
  (81, 23, 296, '2026-04-27', 10.9),
  (82, 23, 324, '2026-04-27', 10.21),
  (83, 23, 138, '2026-04-29', 11.08),
  (84, 24, 168, '2026-04-27', 10.69),
  (85, 24, 298, '2026-04-30', 10.4),
  (86, 24, 2, '2026-04-29', 11.05),
  (87, 24, 445, '2026-05-01', 9.69),
  (88, 25, 138, '2026-04-29', 12.14),
  (89, 25, 166, '2026-04-28', 12.2),
  (90, 25, 425, '2026-04-30', 12.86),
  (91, 25, 146, '2026-04-27', 10.64),
  (92, 26, 64, '2026-04-30', 15.87),
  (93, 26, 440, '2026-04-30', 15.11),
  (94, 26, 81, '2026-04-28', 17.15),
  (95, 27, 48, '2026-04-27', 11.62),
  (96, 27, 336, '2026-04-28', 10.66),
  (97, 27, 185, '2026-04-29', 12.68),
  (98, 27, 129, '2026-04-28', 11.79),
  (99, 30, 116, '2026-04-27', 6.19),
  (100, 30, 266, '2026-04-27', 7.06),
  (101, 30, 349, '2026-04-30', 6.18),
  (102, 30, 228, '2026-04-30', 4.31),
  (103, 30, 5, '2026-04-30', 4.37),
  (104, 31, 452, '2026-04-28', 9.17),
  (105, 31, 154, '2026-04-28', 7.46),
  (106, 31, 71, '2026-05-01', 7.28),
  (107, 31, 196, '2026-04-28', 8.57),
  (108, 32, 211, '2026-04-30', 14.41),
  (109, 32, 316, '2026-04-27', 14.52),
  (110, 32, 352, '2026-04-28', 14.09),
  (111, 33, 162, '2026-04-29', 10.43),
  (112, 33, 406, '2026-04-28', 10.16),
  (113, 33, 72, '2026-05-01', 10.66),
  (114, 33, 127, '2026-04-29', 10.84),
  (115, 34, 449, '2026-05-01', 8.67),
  (116, 34, 155, '2026-04-30', 8.99),
  (117, 34, 106, '2026-04-27', 10.45),
  (118, 34, 266, '2026-04-28', 9.58),
  (119, 34, 311, '2026-04-27', 8.82),
  (120, 35, 185, '2026-04-30', 10.42),
  (121, 35, 163, '2026-05-01', 9.1),
  (122, 35, 68, '2026-05-01', 9.88),
  (123, 36, 9, '2026-04-27', 16.62),
  (124, 36, 301, '2026-04-27', 18.6),
  (125, 36, 35, '2026-04-30', 17.35),
  (126, 37, 217, '2026-05-01', 10.11),
  (127, 37, 360, '2026-04-28', 9.33),
  (128, 37, 206, '2026-04-29', 8.74),
  (129, 37, 43, '2026-04-28', 11.42),
  (130, 38, 325, '2026-04-27', 6.43),
  (131, 38, 391, '2026-04-30', 7.69),
  (132, 38, 428, '2026-04-28', 5.67),
  (133, 38, 333, '2026-04-27', 8.27),
  (134, 38, 349, '2026-04-27', 6.86),
  (135, 39, 337, '2026-04-28', 7.6),
  (136, 39, 380, '2026-04-28', 6.99),
  (137, 39, 90, '2026-04-29', 7.07),
  (138, 39, 62, '2026-04-29', 6.0),
  (139, 39, 7, '2026-04-28', 7.75),
  (140, 40, 395, '2026-04-30', 13.32),
  (141, 40, 16, '2026-04-27', 13.29),
  (142, 40, 172, '2026-05-01', 14.38),
  (143, 41, 256, '2026-04-28', 12.94),
  (144, 41, 440, '2026-04-29', 14.15),
  (145, 41, 291, '2026-05-01', 13.86),
  (146, 43, 126, '2026-04-29', 8.98),
  (147, 43, 24, '2026-04-28', 8.37),
  (148, 43, 242, '2026-04-27', 9.49),
  (149, 44, 115, '2026-04-29', 9.81),
  (150, 44, 165, '2026-04-27', 10.71),
  (151, 44, 128, '2026-04-27', 10.51),
  (152, 44, 214, '2026-04-27', 9.54),
  (153, 45, 36, '2026-04-29', 13.82),
  (154, 45, 450, '2026-04-29', 12.48),
  (155, 45, 239, '2026-05-01', 12.87),
  (156, 45, 444, '2026-04-29', 12.1),
  (157, 46, 125, '2026-04-28', 7.7),
  (158, 46, 238, '2026-05-01', 7.78),
  (159, 46, 189, '2026-04-28', 5.95),
  (160, 46, 303, '2026-04-30', 5.57),
  (161, 46, 253, '2026-05-01', 6.54),
  (162, 47, 1, '2026-04-29', 10.81),
  (163, 47, 389, '2026-05-01', 13.45),
  (164, 47, 337, '2026-04-30', 11.98),
  (165, 47, 193, '2026-04-27', 13.42),
  (166, 49, 433, '2026-04-29', 9.21),
  (167, 49, 267, '2026-04-27', 9.58),
  (168, 49, 212, '2026-05-01', 8.23),
  (169, 50, 32, '2026-04-29', 4.88),
  (170, 50, 223, '2026-04-29', 6.88),
  (171, 50, 340, '2026-04-30', 6.2),
  (172, 50, 67, '2026-04-29', 5.05),
  (173, 50, 122, '2026-04-29', 4.8),
  (174, 1, 56, '2026-04-23', 6.44),
  (175, 1, 80, '2026-04-20', 7.11),
  (176, 1, 55, '2026-04-21', 6.86),
  (177, 1, 85, '2026-04-23', 6.3),
  (178, 1, 231, '2026-04-20', 5.77),
  (179, 2, 357, '2026-04-22', 5.94),
  (180, 2, 309, '2026-04-21', 8.41),
  (181, 2, 21, '2026-04-23', 7.04),
  (182, 2, 111, '2026-04-22', 6.28),
  (183, 2, 428, '2026-04-21', 5.59),
  (184, 3, 282, '2026-04-21', 6.86),
  (185, 3, 128, '2026-04-20', 8.99),
  (186, 3, 49, '2026-04-21', 6.89),
  (187, 3, 237, '2026-04-23', 7.62),
  (188, 3, 53, '2026-04-20', 8.25),
  (189, 4, 34, '2026-04-23', 16.93),
  (190, 4, 102, '2026-04-20', 17.22),
  (191, 4, 331, '2026-04-22', 14.87),
  (192, 5, 222, '2026-04-20', 5.25),
  (193, 5, 421, '2026-04-23', 4.62),
  (194, 5, 371, '2026-04-21', 6.82),
  (195, 5, 203, '2026-04-22', 4.94),
  (196, 5, 255, '2026-04-21', 4.2),
  (197, 6, 256, '2026-04-23', 7.43),
  (198, 6, 211, '2026-04-22', 8.4),
  (199, 6, 452, '2026-04-23', 7.85),
  (200, 6, 282, '2026-04-24', 8.0),
  (201, 7, 196, '2026-04-22', 13.27),
  (202, 7, 401, '2026-04-23', 12.87),
  (203, 7, 366, '2026-04-24', 13.34),
  (204, 8, 306, '2026-04-22', 7.43),
  (205, 8, 113, '2026-04-23', 8.84),
  (206, 8, 16, '2026-04-24', 10.25),
  (207, 8, 416, '2026-04-21', 7.55),
  (208, 9, 29, '2026-04-23', 6.56),
  (209, 9, 392, '2026-04-21', 6.03),
  (210, 9, 113, '2026-04-24', 6.45),
  (211, 9, 295, '2026-04-22', 8.24),
  (212, 9, 434, '2026-04-20', 7.61),
  (213, 10, 289, '2026-04-23', 13.46),
  (214, 10, 97, '2026-04-21', 13.3),
  (215, 10, 429, '2026-04-20', 12.0),
  (216, 11, 1, '2026-04-21', 6.52),
  (217, 11, 170, '2026-04-21', 8.26),
  (218, 11, 315, '2026-04-22', 5.68),
  (219, 11, 104, '2026-04-21', 7.26),
  (220, 12, 441, '2026-04-23', 8.66),
  (221, 12, 187, '2026-04-22', 7.81),
  (222, 12, 38, '2026-04-21', 9.83),
  (223, 12, 192, '2026-04-23', 9.28),
  (224, 12, 361, '2026-04-23', 8.85),
  (225, 13, 315, '2026-04-24', 11.34),
  (226, 13, 403, '2026-04-23', 9.82),
  (227, 13, 183, '2026-04-22', 9.28),
  (228, 13, 115, '2026-04-20', 11.75),
  (229, 13, 341, '2026-04-24', 10.07),
  (230, 14, 94, '2026-04-24', 16.5),
  (231, 14, 309, '2026-04-24', 16.15),
  (232, 14, 163, '2026-04-23', 16.26),
  (233, 15, 86, '2026-04-22', 8.59),
  (234, 15, 326, '2026-04-22', 7.88),
  (235, 15, 454, '2026-04-20', 8.3),
  (236, 15, 46, '2026-04-20', 9.41),
  (237, 17, 453, '2026-04-23', 12.89),
  (238, 17, 212, '2026-04-23', 12.14),
  (239, 17, 253, '2026-04-23', 14.2),
  (240, 18, 84, '2026-04-20', 13.38),
  (241, 18, 232, '2026-04-22', 13.28),
  (242, 18, 38, '2026-04-20', 12.72),
  (243, 19, 39, '2026-04-24', 9.18),
  (244, 19, 281, '2026-04-20', 7.79),
  (245, 19, 48, '2026-04-21', 8.32),
  (246, 19, 174, '2026-04-23', 6.97),
  (247, 19, 305, '2026-04-20', 7.49),
  (248, 20, 370, '2026-04-22', 7.39),
  (249, 20, 374, '2026-04-20', 6.65),
  (250, 20, 277, '2026-04-24', 8.15),
  (251, 20, 136, '2026-04-23', 6.96),
  (252, 20, 339, '2026-04-22', 6.51),
  (253, 22, 103, '2026-04-21', 10.41),
  (254, 22, 50, '2026-04-20', 9.92),
  (255, 22, 14, '2026-04-20', 9.43),
  (256, 22, 106, '2026-04-23', 9.91),
  (257, 23, 279, '2026-04-23', 6.61),
  (258, 23, 199, '2026-04-23', 5.63),
  (259, 23, 95, '2026-04-23', 6.9),
  (260, 23, 190, '2026-04-21', 8.01),
  (261, 23, 454, '2026-04-24', 5.68),
  (262, 24, 343, '2026-04-24', 13.74),
  (263, 24, 177, '2026-04-24', 13.18),
  (264, 24, 414, '2026-04-20', 15.02),
  (265, 25, 352, '2026-04-21', 7.93),
  (266, 25, 444, '2026-04-20', 7.68),
  (267, 25, 244, '2026-04-20', 8.01),
  (268, 25, 294, '2026-04-24', 8.9),
  (269, 25, 452, '2026-04-24', 6.94),
  (270, 26, 109, '2026-04-21', 11.96),
  (271, 26, 414, '2026-04-20', 14.8),
  (272, 26, 99, '2026-04-23', 12.44),
  (273, 27, 133, '2026-04-20', 6.66),
  (274, 27, 164, '2026-04-23', 7.16),
  (275, 27, 373, '2026-04-22', 7.06),
  (276, 27, 414, '2026-04-20', 7.86),
  (277, 27, 35, '2026-04-24', 7.26),
  (278, 28, 76, '2026-04-24', 12.44),
  (279, 28, 291, '2026-04-20', 12.94),
  (280, 28, 302, '2026-04-24', 12.51),
  (281, 29, 450, '2026-04-23', 12.22),
  (282, 29, 211, '2026-04-23', 10.61),
  (283, 29, 136, '2026-04-22', 11.71),
  (284, 29, 197, '2026-04-24', 12.33),
  (285, 30, 354, '2026-04-23', 8.26),
  (286, 30, 122, '2026-04-22', 5.56),
  (287, 30, 26, '2026-04-22', 6.43),
  (288, 30, 382, '2026-04-23', 8.07),
  (289, 31, 69, '2026-04-23', 18.16),
  (290, 31, 154, '2026-04-22', 16.64),
  (291, 31, 381, '2026-04-23', 17.65),
  (292, 33, 380, '2026-04-22', 12.96),
  (293, 33, 249, '2026-04-24', 12.87),
  (294, 33, 389, '2026-04-20', 11.43),
  (295, 33, 265, '2026-04-24', 11.71),
  (296, 34, 15, '2026-04-21', 9.01),
  (297, 34, 89, '2026-04-21', 6.6),
  (298, 34, 99, '2026-04-20', 9.25),
  (299, 34, 449, '2026-04-21', 7.32),
  (300, 34, 427, '2026-04-23', 8.02),
  (301, 35, 124, '2026-04-24', 11.5),
  (302, 35, 191, '2026-04-23', 11.93),
  (303, 35, 251, '2026-04-22', 11.2),
  (304, 36, 47, '2026-04-21', 8.06),
  (305, 36, 146, '2026-04-21', 8.07),
  (306, 36, 15, '2026-04-21', 7.53),
  (307, 36, 198, '2026-04-22', 7.45),
  (308, 36, 26, '2026-04-24', 5.56),
  (309, 37, 243, '2026-04-21', 14.3),
  (310, 37, 68, '2026-04-20', 13.17),
  (311, 37, 332, '2026-04-24', 14.92),
  (312, 38, 141, '2026-04-23', 9.66),
  (313, 38, 217, '2026-04-23', 9.81),
  (314, 38, 193, '2026-04-24', 11.37),
  (315, 38, 437, '2026-04-23', 10.65),
  (316, 38, 179, '2026-04-20', 10.43),
  (317, 39, 288, '2026-04-22', 11.4),
  (318, 39, 332, '2026-04-20', 11.95),
  (319, 39, 305, '2026-04-22', 13.47),
  (320, 39, 312, '2026-04-22', 13.08),
  (321, 40, 153, '2026-04-21', 9.6),
  (322, 40, 97, '2026-04-24', 8.11),
  (323, 40, 77, '2026-04-22', 8.94),
  (324, 40, 265, '2026-04-20', 8.87),
  (325, 40, 392, '2026-04-22', 7.68),
  (326, 41, 299, '2026-04-21', 12.86),
  (327, 41, 363, '2026-04-21', 13.89),
  (328, 41, 293, '2026-04-23', 14.55),
  (329, 42, 431, '2026-04-24', 12.38),
  (330, 42, 337, '2026-04-20', 13.25),
  (331, 42, 449, '2026-04-22', 14.01),
  (332, 43, 172, '2026-04-21', 10.33),
  (333, 43, 336, '2026-04-22', 9.36),
  (334, 43, 46, '2026-04-22', 9.22),
  (335, 43, 114, '2026-04-24', 8.98),
  (336, 43, 182, '2026-04-20', 9.51),
  (337, 44, 37, '2026-04-23', 8.09),
  (338, 44, 242, '2026-04-23', 6.66),
  (339, 44, 100, '2026-04-21', 6.91),
  (340, 44, 257, '2026-04-21', 7.53),
  (341, 44, 62, '2026-04-24', 9.18),
  (342, 45, 93, '2026-04-21', 6.44),
  (343, 45, 399, '2026-04-20', 5.51),
  (344, 45, 42, '2026-04-22', 6.13),
  (345, 45, 250, '2026-04-21', 7.23),
  (346, 45, 171, '2026-04-21', 6.97),
  (347, 46, 223, '2026-04-23', 4.11),
  (348, 46, 325, '2026-04-24', 4.7),
  (349, 46, 220, '2026-04-22', 6.95),
  (350, 46, 207, '2026-04-22', 6.37),
  (351, 46, 245, '2026-04-24', 4.67),
  (352, 47, 116, '2026-04-22', 12.77),
  (353, 47, 356, '2026-04-20', 12.98),
  (354, 47, 450, '2026-04-24', 12.75),
  (355, 50, 306, '2026-04-21', 7.53),
  (356, 50, 269, '2026-04-23', 7.58),
  (357, 50, 173, '2026-04-21', 6.99),
  (358, 50, 223, '2026-04-23', 6.56),
  (359, 50, 352, '2026-04-21', 8.68),
  (360, 2, 64, '2026-04-13', 12.96),
  (361, 2, 188, '2026-04-15', 14.15),
  (362, 2, 365, '2026-04-17', 11.98),
  (363, 3, 429, '2026-04-16', 8.23),
  (364, 3, 11, '2026-04-13', 8.54),
  (365, 3, 25, '2026-04-16', 9.01),
  (366, 3, 354, '2026-04-14', 8.99),
  (367, 3, 60, '2026-04-13', 7.8),
  (368, 4, 319, '2026-04-16', 11.49),
  (369, 4, 311, '2026-04-13', 10.53),
  (370, 4, 359, '2026-04-17', 9.35),
  (371, 4, 71, '2026-04-13', 11.35),
  (372, 5, 426, '2026-04-16', 9.39),
  (373, 5, 268, '2026-04-13', 10.14),
  (374, 5, 104, '2026-04-14', 10.56),
  (375, 5, 184, '2026-04-16', 9.49),
  (376, 7, 343, '2026-04-17', 8.33),
  (377, 7, 253, '2026-04-13', 10.81),
  (378, 7, 77, '2026-04-14', 9.47),
  (379, 7, 47, '2026-04-15', 8.89),
  (380, 7, 400, '2026-04-13', 8.4),
  (381, 8, 185, '2026-04-16', 7.72),
  (382, 8, 411, '2026-04-13', 8.05),
  (383, 8, 347, '2026-04-13', 5.53),
  (384, 8, 161, '2026-04-14', 7.49),
  (385, 9, 319, '2026-04-13', 9.62),
  (386, 9, 138, '2026-04-15', 9.05),
  (387, 9, 450, '2026-04-16', 9.7),
  (388, 9, 376, '2026-04-16', 9.32),
  (389, 10, 333, '2026-04-13', 10.9),
  (390, 10, 454, '2026-04-13', 13.44),
  (391, 10, 409, '2026-04-14', 10.81),
  (392, 10, 86, '2026-04-17', 11.95),
  (393, 11, 195, '2026-04-14', 7.95),
  (394, 11, 399, '2026-04-16', 6.84),
  (395, 11, 184, '2026-04-16', 7.82),
  (396, 11, 314, '2026-04-13', 7.28),
  (397, 11, 15, '2026-04-15', 6.54),
  (398, 12, 296, '2026-04-15', 8.06),
  (399, 12, 371, '2026-04-17', 6.79),
  (400, 12, 290, '2026-04-14', 7.95),
  (401, 12, 115, '2026-04-16', 6.95),
  (402, 12, 343, '2026-04-17', 9.18),
  (403, 13, 259, '2026-04-16', 10.44),
  (404, 13, 435, '2026-04-13', 10.09),
  (405, 13, 241, '2026-04-15', 8.56),
  (406, 14, 282, '2026-04-16', 10.28),
  (407, 14, 330, '2026-04-13', 9.21),
  (408, 14, 194, '2026-04-17', 9.18),
  (409, 15, 255, '2026-04-13', 12.14),
  (410, 15, 382, '2026-04-16', 11.94),
  (411, 15, 335, '2026-04-17', 11.83),
  (412, 17, 261, '2026-04-16', 11.35),
  (413, 17, 288, '2026-04-15', 10.98),
  (414, 17, 106, '2026-04-14', 11.03),
  (415, 17, 336, '2026-04-15', 10.18),
  (416, 18, 187, '2026-04-14', 6.51),
  (417, 18, 367, '2026-04-15', 8.99),
  (418, 18, 232, '2026-04-15', 8.14),
  (419, 18, 59, '2026-04-15', 8.61),
  (420, 18, 50, '2026-04-13', 9.19),
  (421, 19, 370, '2026-04-14', 8.66),
  (422, 19, 210, '2026-04-16', 8.75),
  (423, 19, 55, '2026-04-14', 10.25),
  (424, 19, 131, '2026-04-13', 10.37),
  (425, 19, 313, '2026-04-13', 10.88),
  (426, 20, 235, '2026-04-14', 11.39),
  (427, 20, 338, '2026-04-13', 10.09),
  (428, 20, 302, '2026-04-13', 10.16),
  (429, 20, 259, '2026-04-16', 11.02),
  (430, 21, 355, '2026-04-14', 12.14),
  (431, 21, 297, '2026-04-17', 13.65),
  (432, 21, 89, '2026-04-15', 13.35),
  (433, 22, 391, '2026-04-15', 10.26),
  (434, 22, 128, '2026-04-14', 9.31),
  (435, 22, 141, '2026-04-17', 11.0),
  (436, 22, 204, '2026-04-17', 9.8),
  (437, 22, 176, '2026-04-17', 11.48),
  (438, 23, 112, '2026-04-15', 10.16),
  (439, 23, 103, '2026-04-14', 11.04),
  (440, 23, 108, '2026-04-14', 9.61),
  (441, 23, 320, '2026-04-15', 10.23),
  (442, 23, 366, '2026-04-15', 9.79),
  (443, 24, 214, '2026-04-15', 10.73),
  (444, 24, 346, '2026-04-16', 10.52),
  (445, 24, 383, '2026-04-17', 8.42),
  (446, 24, 431, '2026-04-16', 8.54),
  (447, 24, 274, '2026-04-13', 8.7),
  (448, 25, 350, '2026-04-13', 9.32),
  (449, 25, 129, '2026-04-15', 7.86),
  (450, 25, 75, '2026-04-17', 7.35),
  (451, 25, 430, '2026-04-16', 7.56),
  (452, 26, 381, '2026-04-16', 13.21),
  (453, 26, 332, '2026-04-15', 14.58),
  (454, 26, 288, '2026-04-13', 15.28),
  (455, 27, 161, '2026-04-15', 9.51),
  (456, 27, 283, '2026-04-16', 11.39),
  (457, 27, 28, '2026-04-15', 11.17),
  (458, 27, 7, '2026-04-17', 11.12),
  (459, 27, 381, '2026-04-14', 11.23),
  (460, 28, 350, '2026-04-14', 12.37),
  (461, 28, 39, '2026-04-13', 11.3),
  (462, 28, 96, '2026-04-16', 11.0),
  (463, 29, 3, '2026-04-14', 7.37),
  (464, 29, 170, '2026-04-15', 9.04),
  (465, 29, 239, '2026-04-17', 9.78),
  (466, 29, 364, '2026-04-15', 8.72),
  (467, 30, 163, '2026-04-13', 8.86),
  (468, 30, 270, '2026-04-14', 7.75),
  (469, 30, 113, '2026-04-17', 7.71),
  (470, 30, 95, '2026-04-15', 7.16),
  (471, 30, 267, '2026-04-14', 8.49),
  (472, 31, 272, '2026-04-13', 5.84),
  (473, 31, 244, '2026-04-15', 6.84),
  (474, 31, 288, '2026-04-17', 8.26),
  (475, 31, 422, '2026-04-14', 8.38),
  (476, 31, 386, '2026-04-15', 6.64),
  (477, 32, 277, '2026-04-17', 9.72),
  (478, 32, 371, '2026-04-15', 8.79),
  (479, 32, 145, '2026-04-17', 8.59),
  (480, 32, 13, '2026-04-13', 8.14),
  (481, 33, 50, '2026-04-17', 11.77),
  (482, 33, 86, '2026-04-13', 10.8),
  (483, 33, 396, '2026-04-14', 12.76),
  (484, 34, 425, '2026-04-16', 7.44),
  (485, 34, 360, '2026-04-13', 7.74),
  (486, 34, 450, '2026-04-14', 5.57),
  (487, 34, 380, '2026-04-15', 5.61),
  (488, 34, 397, '2026-04-13', 5.66),
  (489, 35, 421, '2026-04-16', 8.39),
  (490, 35, 117, '2026-04-16', 7.45),
  (491, 35, 133, '2026-04-16', 8.52),
  (492, 35, 209, '2026-04-17', 6.52),
  (493, 35, 199, '2026-04-17', 6.69),
  (494, 36, 184, '2026-04-15', 10.19),
  (495, 36, 258, '2026-04-15', 9.65),
  (496, 36, 55, '2026-04-15', 10.13),
  (497, 37, 16, '2026-04-14', 8.74),
  (498, 37, 243, '2026-04-17', 7.38),
  (499, 37, 81, '2026-04-14', 7.39),
  (500, 37, 274, '2026-04-15', 9.37);
INSERT INTO time_entries (entry_id, employee_id, task_id, entry_date, hours_logged) VALUES
  (501, 37, 113, '2026-04-13', 8.16),
  (502, 38, 294, '2026-04-17', 11.81),
  (503, 38, 306, '2026-04-13', 11.08),
  (504, 38, 202, '2026-04-15', 10.8),
  (505, 39, 83, '2026-04-17', 17.0),
  (506, 39, 95, '2026-04-14', 14.84),
  (507, 39, 114, '2026-04-17', 17.06),
  (508, 40, 237, '2026-04-13', 8.85),
  (509, 40, 331, '2026-04-14', 10.28),
  (510, 40, 282, '2026-04-16', 10.95),
  (511, 40, 38, '2026-04-15', 8.48),
  (512, 40, 149, '2026-04-14', 8.4),
  (513, 41, 249, '2026-04-15', 12.58),
  (514, 41, 231, '2026-04-14', 12.2),
  (515, 41, 169, '2026-04-15', 12.92),
  (516, 41, 316, '2026-04-16', 11.01),
  (517, 42, 379, '2026-04-15', 7.3),
  (518, 42, 329, '2026-04-15', 9.53),
  (519, 42, 224, '2026-04-16', 8.24),
  (520, 42, 142, '2026-04-15', 8.36),
  (521, 42, 431, '2026-04-13', 7.43),
  (522, 43, 276, '2026-04-13', 16.68),
  (523, 43, 101, '2026-04-13', 17.05),
  (524, 43, 135, '2026-04-13', 16.94),
  (525, 44, 19, '2026-04-17', 15.18),
  (526, 44, 283, '2026-04-17', 13.92),
  (527, 44, 134, '2026-04-14', 13.6),
  (528, 45, 439, '2026-04-17', 7.17),
  (529, 45, 149, '2026-04-15', 8.41),
  (530, 45, 69, '2026-04-14', 9.44),
  (531, 45, 238, '2026-04-17', 8.95),
  (532, 45, 257, '2026-04-17', 7.32),
  (533, 46, 338, '2026-04-16', 9.32),
  (534, 46, 447, '2026-04-13', 7.16),
  (535, 46, 75, '2026-04-16', 7.2),
  (536, 46, 377, '2026-04-15', 7.61),
  (537, 46, 375, '2026-04-13', 8.51),
  (538, 47, 241, '2026-04-13', 11.94),
  (539, 47, 233, '2026-04-15', 9.31),
  (540, 47, 452, '2026-04-17', 10.9),
  (541, 47, 24, '2026-04-15', 11.5),
  (542, 48, 193, '2026-04-15', 13.6),
  (543, 48, 335, '2026-04-13', 13.38),
  (544, 48, 194, '2026-04-16', 14.75),
  (545, 49, 250, '2026-04-13', 10.01),
  (546, 49, 406, '2026-04-14', 9.82),
  (547, 49, 247, '2026-04-14', 8.73),
  (548, 49, 310, '2026-04-15', 9.13),
  (549, 50, 419, '2026-04-15', 8.66),
  (550, 50, 61, '2026-04-16', 8.53),
  (551, 50, 339, '2026-04-16', 7.13),
  (552, 50, 118, '2026-04-14', 8.44),
  (553, 50, 213, '2026-04-16', 6.57),
  (554, 2, 263, '2026-04-07', 6.27),
  (555, 2, 21, '2026-04-07', 7.05),
  (556, 2, 294, '2026-04-09', 7.3),
  (557, 2, 76, '2026-04-10', 7.41),
  (558, 2, 29, '2026-04-08', 8.34),
  (559, 3, 445, '2026-04-09', 10.3),
  (560, 3, 247, '2026-04-10', 10.96),
  (561, 3, 88, '2026-04-07', 10.37),
  (562, 3, 113, '2026-04-10', 9.29),
  (563, 4, 306, '2026-04-09', 8.41),
  (564, 4, 303, '2026-04-06', 7.3),
  (565, 4, 36, '2026-04-10', 9.83),
  (566, 4, 118, '2026-04-10', 9.3),
  (567, 5, 244, '2026-04-06', 14.47),
  (568, 5, 315, '2026-04-10', 13.34),
  (569, 5, 308, '2026-04-06', 12.11),
  (570, 6, 424, '2026-04-09', 9.67),
  (571, 6, 1, '2026-04-08', 10.72),
  (572, 6, 397, '2026-04-10', 9.39),
  (573, 6, 348, '2026-04-09', 10.47),
  (574, 6, 333, '2026-04-09', 9.15),
  (575, 7, 295, '2026-04-09', 10.4),
  (576, 7, 51, '2026-04-06', 8.95),
  (577, 7, 218, '2026-04-10', 9.33),
  (578, 7, 69, '2026-04-07', 8.12),
  (579, 7, 131, '2026-04-06', 9.83),
  (580, 10, 210, '2026-04-09', 10.95),
  (581, 10, 186, '2026-04-08', 9.78),
  (582, 10, 55, '2026-04-10', 10.27),
  (583, 10, 80, '2026-04-08', 10.84),
  (584, 11, 212, '2026-04-10', 13.28),
  (585, 11, 283, '2026-04-08', 13.51),
  (586, 11, 402, '2026-04-09', 12.59),
  (587, 12, 204, '2026-04-06', 7.74),
  (588, 12, 377, '2026-04-09', 7.85),
  (589, 12, 71, '2026-04-07', 5.8),
  (590, 12, 438, '2026-04-10', 6.7),
  (591, 12, 443, '2026-04-08', 7.9),
  (592, 13, 83, '2026-04-06', 14.91),
  (593, 13, 200, '2026-04-07', 13.92),
  (594, 13, 326, '2026-04-10', 13.81),
  (595, 15, 371, '2026-04-10', 9.8),
  (596, 15, 197, '2026-04-08', 9.97),
  (597, 15, 206, '2026-04-10', 8.01),
  (598, 16, 225, '2026-04-10', 8.11),
  (599, 16, 6, '2026-04-06', 9.6),
  (600, 16, 104, '2026-04-10', 8.8),
  (601, 16, 436, '2026-04-07', 9.1),
  (602, 17, 1, '2026-04-09', 7.56),
  (603, 17, 81, '2026-04-09', 7.72),
  (604, 17, 45, '2026-04-07', 8.05),
  (605, 17, 142, '2026-04-06', 9.26),
  (606, 17, 400, '2026-04-10', 7.35),
  (607, 18, 178, '2026-04-10', 13.39),
  (608, 18, 418, '2026-04-09', 13.29),
  (609, 18, 142, '2026-04-10', 10.51),
  (610, 18, 116, '2026-04-07', 11.72),
  (611, 21, 132, '2026-04-10', 8.85),
  (612, 21, 449, '2026-04-09', 11.0),
  (613, 21, 276, '2026-04-10', 9.55),
  (614, 21, 417, '2026-04-07', 10.37),
  (615, 21, 407, '2026-04-09', 10.14),
  (616, 22, 60, '2026-04-07', 12.53),
  (617, 22, 133, '2026-04-07', 12.9),
  (618, 22, 35, '2026-04-09', 13.37),
  (619, 22, 196, '2026-04-10', 12.11),
  (620, 23, 48, '2026-04-08', 7.48),
  (621, 23, 205, '2026-04-07', 8.68),
  (622, 23, 345, '2026-04-08', 7.91),
  (623, 23, 384, '2026-04-10', 8.06),
  (624, 24, 256, '2026-04-07', 14.71),
  (625, 24, 378, '2026-04-08', 13.12),
  (626, 24, 103, '2026-04-07', 15.0),
  (627, 25, 62, '2026-04-09', 13.67),
  (628, 25, 41, '2026-04-10', 14.71),
  (629, 25, 347, '2026-04-09', 12.95),
  (630, 26, 445, '2026-04-10', 8.94),
  (631, 26, 141, '2026-04-07', 10.35),
  (632, 26, 252, '2026-04-07', 8.26),
  (633, 26, 94, '2026-04-09', 9.53),
  (634, 26, 392, '2026-04-10', 8.2),
  (635, 27, 235, '2026-04-10', 15.88),
  (636, 27, 62, '2026-04-06', 14.54),
  (637, 27, 358, '2026-04-07', 15.64),
  (638, 29, 281, '2026-04-08', 15.91),
  (639, 29, 135, '2026-04-10', 15.53),
  (640, 29, 122, '2026-04-07', 16.0),
  (641, 30, 187, '2026-04-09', 9.54),
  (642, 30, 438, '2026-04-07', 11.94),
  (643, 30, 206, '2026-04-07', 11.44),
  (644, 30, 144, '2026-04-08', 11.41),
  (645, 31, 75, '2026-04-07', 15.92),
  (646, 31, 410, '2026-04-06', 15.03),
  (647, 31, 379, '2026-04-09', 14.9),
  (648, 32, 369, '2026-04-08', 8.19),
  (649, 32, 162, '2026-04-10', 6.64),
  (650, 32, 403, '2026-04-06', 8.57),
  (651, 32, 250, '2026-04-06', 7.15),
  (652, 32, 154, '2026-04-08', 7.93),
  (653, 33, 134, '2026-04-08', 9.53),
  (654, 33, 185, '2026-04-09', 8.86),
  (655, 33, 287, '2026-04-10', 9.1),
  (656, 33, 286, '2026-04-10', 10.45),
  (657, 34, 182, '2026-04-09', 13.82),
  (658, 34, 167, '2026-04-09', 14.17),
  (659, 34, 345, '2026-04-09', 13.34),
  (660, 34, 262, '2026-04-09', 13.4),
  (661, 36, 216, '2026-04-09', 13.05),
  (662, 36, 324, '2026-04-06', 10.74),
  (663, 36, 314, '2026-04-08', 11.18),
  (664, 36, 293, '2026-04-08', 12.46),
  (665, 37, 139, '2026-04-08', 10.74),
  (666, 37, 228, '2026-04-10', 11.4),
  (667, 37, 400, '2026-04-09', 9.0),
  (668, 37, 442, '2026-04-06', 8.88),
  (669, 38, 359, '2026-04-09', 5.81),
  (670, 38, 384, '2026-04-06', 8.31),
  (671, 38, 41, '2026-04-09', 7.15),
  (672, 38, 108, '2026-04-06', 7.81),
  (673, 38, 86, '2026-04-10', 7.79),
  (674, 40, 454, '2026-04-08', 6.83),
  (675, 40, 200, '2026-04-07', 5.89),
  (676, 40, 159, '2026-04-07', 5.59),
  (677, 40, 118, '2026-04-08', 8.08),
  (678, 40, 127, '2026-04-08', 8.09),
  (679, 41, 281, '2026-04-10', 11.03),
  (680, 41, 228, '2026-04-10', 11.87),
  (681, 41, 70, '2026-04-10', 11.8),
  (682, 41, 358, '2026-04-10', 11.43),
  (683, 42, 227, '2026-04-09', 12.61),
  (684, 42, 158, '2026-04-08', 11.87),
  (685, 42, 188, '2026-04-10', 14.28),
  (686, 43, 274, '2026-04-09', 8.15),
  (687, 43, 5, '2026-04-09', 9.64),
  (688, 43, 353, '2026-04-10', 7.94),
  (689, 43, 252, '2026-04-06', 8.89),
  (690, 44, 203, '2026-04-09', 12.99),
  (691, 44, 128, '2026-04-07', 11.29),
  (692, 44, 84, '2026-04-09', 12.38),
  (693, 44, 367, '2026-04-10', 12.79),
  (694, 45, 140, '2026-04-08', 9.34),
  (695, 45, 146, '2026-04-06', 8.65),
  (696, 45, 333, '2026-04-08', 8.43),
  (697, 45, 381, '2026-04-09', 9.95),
  (698, 45, 273, '2026-04-08', 10.2),
  (699, 46, 26, '2026-04-07', 13.08),
  (700, 46, 274, '2026-04-08', 10.97),
  (701, 46, 12, '2026-04-09', 12.35),
  (702, 47, 112, '2026-04-09', 10.24),
  (703, 47, 176, '2026-04-09', 9.34),
  (704, 47, 216, '2026-04-06', 8.24),
  (705, 47, 160, '2026-04-07', 7.42),
  (706, 48, 93, '2026-04-09', 7.98),
  (707, 48, 99, '2026-04-06', 8.42),
  (708, 48, 431, '2026-04-07', 6.65),
  (709, 48, 129, '2026-04-09', 6.24),
  (710, 49, 395, '2026-04-09', 6.67),
  (711, 49, 49, '2026-04-08', 8.31),
  (712, 49, 267, '2026-04-07', 7.39),
  (713, 49, 341, '2026-04-06', 7.73),
  (714, 49, 107, '2026-04-10', 7.06),
  (715, 50, 185, '2026-04-07', 14.75),
  (716, 50, 27, '2026-04-07', 13.73),
  (717, 50, 443, '2026-04-08', 11.88),
  (718, 1, 405, '2026-04-03', 10.85),
  (719, 1, 125, '2026-04-02', 10.57),
  (720, 1, 5, '2026-03-31', 9.61),
  (721, 1, 22, '2026-03-30', 9.25),
  (722, 2, 389, '2026-03-31', 11.1),
  (723, 2, 321, '2026-03-30', 9.38),
  (724, 2, 31, '2026-03-31', 9.95),
  (725, 2, 183, '2026-04-03', 11.37),
  (726, 3, 376, '2026-04-02', 11.57),
  (727, 3, 99, '2026-03-31', 11.25),
  (728, 3, 11, '2026-03-30', 11.96),
  (729, 3, 353, '2026-04-02', 12.18),
  (730, 4, 96, '2026-04-02', 7.33),
  (731, 4, 279, '2026-04-03', 9.24),
  (732, 4, 179, '2026-04-03', 6.98),
  (733, 4, 166, '2026-04-03', 6.97),
  (734, 4, 375, '2026-04-01', 8.96),
  (735, 5, 260, '2026-03-30', 8.36),
  (736, 5, 195, '2026-04-01', 8.83),
  (737, 5, 376, '2026-03-31', 7.46),
  (738, 5, 95, '2026-03-30', 8.47),
  (739, 5, 453, '2026-04-03', 8.96),
  (740, 6, 79, '2026-04-01', 7.23),
  (741, 6, 314, '2026-04-03', 8.88),
  (742, 6, 145, '2026-03-30', 9.41),
  (743, 6, 166, '2026-03-31', 7.44),
  (744, 6, 210, '2026-03-30', 7.51),
  (745, 7, 329, '2026-04-03', 5.97),
  (746, 7, 429, '2026-04-03', 4.87),
  (747, 7, 199, '2026-04-01', 4.76),
  (748, 7, 337, '2026-03-30', 4.14),
  (749, 7, 251, '2026-03-31', 6.07),
  (750, 8, 411, '2026-04-03', 12.73),
  (751, 8, 328, '2026-04-02', 12.97),
  (752, 8, 32, '2026-03-30', 12.97),
  (753, 8, 185, '2026-04-01', 12.09),
  (754, 9, 111, '2026-03-30', 16.68),
  (755, 9, 266, '2026-04-03', 15.66),
  (756, 9, 50, '2026-03-31', 16.08),
  (757, 10, 286, '2026-03-30', 14.13),
  (758, 10, 384, '2026-04-03', 12.91),
  (759, 10, 213, '2026-04-02', 13.94),
  (760, 11, 282, '2026-04-01', 12.14),
  (761, 11, 206, '2026-04-03', 13.16),
  (762, 11, 259, '2026-04-02', 12.97),
  (763, 12, 433, '2026-04-02', 10.98),
  (764, 12, 191, '2026-04-01', 10.33),
  (765, 12, 212, '2026-04-03', 10.14),
  (766, 12, 392, '2026-04-02', 10.8),
  (767, 13, 230, '2026-03-30', 10.2),
  (768, 13, 204, '2026-04-03', 7.3),
  (769, 13, 1, '2026-03-31', 10.23),
  (770, 13, 372, '2026-04-01', 7.27),
  (771, 14, 12, '2026-04-01', 10.01),
  (772, 14, 396, '2026-04-03', 8.92),
  (773, 14, 421, '2026-04-03', 7.71),
  (774, 14, 354, '2026-03-30', 8.63),
  (775, 15, 128, '2026-03-30', 7.21),
  (776, 15, 120, '2026-04-03', 8.25),
  (777, 15, 132, '2026-03-30', 7.67),
  (778, 15, 416, '2026-04-02', 6.02),
  (779, 15, 154, '2026-04-03', 7.96),
  (780, 17, 196, '2026-04-01', 5.14),
  (781, 17, 41, '2026-04-02', 5.35),
  (782, 17, 400, '2026-03-30', 6.71),
  (783, 17, 29, '2026-03-31', 6.34),
  (784, 17, 395, '2026-04-03', 6.89),
  (785, 18, 157, '2026-04-01', 13.45),
  (786, 18, 269, '2026-03-31', 12.81),
  (787, 18, 22, '2026-03-31', 12.29),
  (788, 19, 386, '2026-03-30', 12.17),
  (789, 19, 305, '2026-04-01', 13.86),
  (790, 19, 295, '2026-03-31', 11.9),
  (791, 19, 259, '2026-03-30', 12.93),
  (792, 20, 44, '2026-03-31', 10.79),
  (793, 20, 205, '2026-04-02', 10.18),
  (794, 20, 257, '2026-04-02', 9.69),
  (795, 20, 223, '2026-04-03', 9.09),
  (796, 21, 125, '2026-04-02', 13.47),
  (797, 21, 37, '2026-04-03', 12.77),
  (798, 21, 137, '2026-04-02', 13.77),
  (799, 22, 336, '2026-04-01', 7.35),
  (800, 22, 13, '2026-04-02', 7.37),
  (801, 22, 395, '2026-04-02', 5.63),
  (802, 22, 157, '2026-03-31', 6.1),
  (803, 22, 87, '2026-04-01', 5.97),
  (804, 23, 28, '2026-04-01', 4.14),
  (805, 23, 125, '2026-03-30', 5.02),
  (806, 23, 318, '2026-04-02', 4.17),
  (807, 23, 76, '2026-03-31', 6.32),
  (808, 23, 445, '2026-03-31', 4.71),
  (809, 24, 319, '2026-03-30', 8.38),
  (810, 24, 374, '2026-04-03', 7.38),
  (811, 24, 73, '2026-03-31', 7.43),
  (812, 24, 356, '2026-03-31', 9.62),
  (813, 25, 5, '2026-04-01', 6.69),
  (814, 25, 35, '2026-03-30', 4.98),
  (815, 25, 199, '2026-04-02', 4.79),
  (816, 25, 339, '2026-04-02', 5.63),
  (817, 25, 139, '2026-03-30', 6.81),
  (818, 26, 96, '2026-04-02', 13.52),
  (819, 26, 102, '2026-03-30', 11.95),
  (820, 26, 257, '2026-04-03', 12.75),
  (821, 27, 178, '2026-04-01', 14.38),
  (822, 27, 351, '2026-03-31', 15.49),
  (823, 27, 181, '2026-04-03', 13.33),
  (824, 29, 285, '2026-03-31', 12.86),
  (825, 29, 144, '2026-04-02', 13.8),
  (826, 29, 116, '2026-03-30', 14.02),
  (827, 30, 352, '2026-03-31', 8.18),
  (828, 30, 117, '2026-04-01', 9.63),
  (829, 30, 214, '2026-04-01', 8.25),
  (830, 30, 124, '2026-03-31', 7.52),
  (831, 30, 294, '2026-03-31', 8.64),
  (832, 31, 159, '2026-04-03', 12.9),
  (833, 31, 353, '2026-04-02', 13.15),
  (834, 31, 362, '2026-03-31', 12.14),
  (835, 32, 286, '2026-03-30', 10.72),
  (836, 32, 273, '2026-03-31', 12.35),
  (837, 32, 369, '2026-04-01', 12.81),
  (838, 33, 382, '2026-04-01', 8.96),
  (839, 33, 421, '2026-03-31', 8.82),
  (840, 33, 327, '2026-03-31', 8.58),
  (841, 33, 379, '2026-04-03', 10.35),
  (842, 34, 119, '2026-04-02', 6.9),
  (843, 34, 352, '2026-04-03', 7.91),
  (844, 34, 14, '2026-04-01', 7.05),
  (845, 34, 184, '2026-04-02', 7.97),
  (846, 34, 41, '2026-03-31', 6.99),
  (847, 35, 139, '2026-03-31', 14.11),
  (848, 35, 212, '2026-03-30', 12.36),
  (849, 35, 114, '2026-04-02', 14.43),
  (850, 36, 127, '2026-03-30', 9.07),
  (851, 36, 219, '2026-04-02', 9.41),
  (852, 36, 208, '2026-04-02', 9.08),
  (853, 36, 398, '2026-04-03', 9.03),
  (854, 37, 267, '2026-04-02', 16.98),
  (855, 37, 56, '2026-03-30', 17.13),
  (856, 37, 232, '2026-03-31', 16.06),
  (857, 38, 199, '2026-03-31', 7.77),
  (858, 38, 265, '2026-04-02', 9.55),
  (859, 38, 392, '2026-04-01', 8.28),
  (860, 38, 323, '2026-04-02', 7.78),
  (861, 38, 26, '2026-03-30', 8.97),
  (862, 39, 232, '2026-03-31', 8.84),
  (863, 39, 47, '2026-04-03', 6.91),
  (864, 39, 370, '2026-04-02', 7.47),
  (865, 39, 257, '2026-03-30', 7.04),
  (866, 39, 58, '2026-04-03', 9.19),
  (867, 40, 129, '2026-03-31', 16.66),
  (868, 40, 166, '2026-03-30', 14.77),
  (869, 40, 355, '2026-04-02', 16.4),
  (870, 42, 314, '2026-03-30', 9.2),
  (871, 42, 82, '2026-04-01', 8.6),
  (872, 42, 194, '2026-03-31', 7.39),
  (873, 42, 282, '2026-03-31', 7.44),
  (874, 42, 195, '2026-03-30', 8.16),
  (875, 43, 148, '2026-03-31', 11.88),
  (876, 43, 321, '2026-03-30', 10.87),
  (877, 43, 93, '2026-04-01', 9.04),
  (878, 43, 61, '2026-04-02', 11.57),
  (879, 44, 122, '2026-04-02', 6.86),
  (880, 44, 112, '2026-04-02', 5.74),
  (881, 44, 302, '2026-04-03', 5.52),
  (882, 44, 338, '2026-04-03', 6.33),
  (883, 45, 26, '2026-03-30', 16.46),
  (884, 45, 95, '2026-03-30', 14.94),
  (885, 45, 76, '2026-03-30', 16.5),
  (886, 46, 26, '2026-03-31', 10.65),
  (887, 46, 56, '2026-04-01', 12.0),
  (888, 46, 214, '2026-04-03', 11.88),
  (889, 47, 297, '2026-04-01', 9.87),
  (890, 47, 185, '2026-04-02', 11.36),
  (891, 47, 19, '2026-04-02', 11.43),
  (892, 47, 48, '2026-03-30', 9.78),
  (893, 47, 394, '2026-03-31', 9.27),
  (894, 48, 269, '2026-03-30', 7.58),
  (895, 48, 108, '2026-04-03', 10.21),
  (896, 48, 357, '2026-04-02', 9.42),
  (897, 48, 314, '2026-04-03', 10.05),
  (898, 49, 435, '2026-04-03', 6.56),
  (899, 49, 163, '2026-03-31', 7.34),
  (900, 49, 133, '2026-04-02', 7.06),
  (901, 49, 270, '2026-04-02', 6.98),
  (902, 49, 295, '2026-03-31', 8.15),
  (903, 50, 1, '2026-04-02', 12.04),
  (904, 50, 61, '2026-03-30', 12.38),
  (905, 50, 13, '2026-03-31', 12.57),
  (906, 1, 180, '2026-03-24', 8.53),
  (907, 1, 287, '2026-03-24', 10.57),
  (908, 1, 413, '2026-03-25', 10.87),
  (909, 1, 327, '2026-03-25', 9.4),
  (910, 2, 352, '2026-03-26', 14.67),
  (911, 2, 171, '2026-03-27', 15.38),
  (912, 2, 175, '2026-03-24', 13.08),
  (913, 3, 243, '2026-03-24', 11.94),
  (914, 3, 409, '2026-03-26', 13.18),
  (915, 3, 19, '2026-03-27', 13.19),
  (916, 3, 331, '2026-03-26', 12.85),
  (917, 4, 154, '2026-03-27', 8.51),
  (918, 4, 290, '2026-03-24', 8.63),
  (919, 4, 372, '2026-03-25', 9.3),
  (920, 4, 348, '2026-03-25', 7.1),
  (921, 4, 162, '2026-03-24', 7.74),
  (922, 6, 293, '2026-03-24', 13.62),
  (923, 6, 311, '2026-03-25', 13.95),
  (924, 6, 200, '2026-03-25', 13.96),
  (925, 7, 191, '2026-03-25', 8.48),
  (926, 7, 232, '2026-03-25', 8.36),
  (927, 7, 425, '2026-03-25', 10.19),
  (928, 8, 260, '2026-03-27', 10.96),
  (929, 8, 13, '2026-03-25', 13.27),
  (930, 8, 410, '2026-03-27', 11.43),
  (931, 8, 248, '2026-03-25', 10.93),
  (932, 9, 347, '2026-03-26', 9.26),
  (933, 9, 68, '2026-03-27', 8.45),
  (934, 9, 106, '2026-03-25', 10.9),
  (935, 9, 371, '2026-03-27', 10.72),
  (936, 9, 19, '2026-03-25', 9.5),
  (937, 11, 12, '2026-03-24', 9.96),
  (938, 11, 296, '2026-03-24', 9.86),
  (939, 11, 389, '2026-03-27', 9.96),
  (940, 11, 160, '2026-03-26', 11.01),
  (941, 12, 8, '2026-03-27', 10.47),
  (942, 12, 319, '2026-03-27', 11.22),
  (943, 12, 287, '2026-03-25', 10.98),
  (944, 13, 126, '2026-03-25', 9.72),
  (945, 13, 88, '2026-03-23', 8.49),
  (946, 13, 37, '2026-03-26', 10.81),
  (947, 13, 160, '2026-03-23', 8.42),
  (948, 13, 314, '2026-03-23', 8.36),
  (949, 14, 323, '2026-03-27', 7.97),
  (950, 14, 429, '2026-03-25', 9.35),
  (951, 14, 354, '2026-03-27', 7.14),
  (952, 14, 359, '2026-03-26', 8.6),
  (953, 14, 229, '2026-03-23', 9.34),
  (954, 15, 159, '2026-03-26', 9.91),
  (955, 15, 351, '2026-03-24', 8.93),
  (956, 15, 330, '2026-03-27', 9.27),
  (957, 15, 364, '2026-03-25', 9.68),
  (958, 16, 233, '2026-03-26', 9.34),
  (959, 16, 250, '2026-03-26', 10.38),
  (960, 16, 16, '2026-03-24', 9.85),
  (961, 16, 34, '2026-03-25', 10.81),
  (962, 19, 285, '2026-03-25', 10.6),
  (963, 19, 333, '2026-03-26', 10.77),
  (964, 19, 37, '2026-03-24', 10.86),
  (965, 19, 406, '2026-03-27', 9.48),
  (966, 20, 417, '2026-03-26', 10.19),
  (967, 20, 356, '2026-03-26', 9.53),
  (968, 20, 303, '2026-03-25', 9.47),
  (969, 21, 379, '2026-03-26', 12.84),
  (970, 21, 365, '2026-03-27', 13.89),
  (971, 21, 294, '2026-03-27', 12.79),
  (972, 22, 36, '2026-03-27', 9.56),
  (973, 22, 307, '2026-03-26', 8.23),
  (974, 22, 56, '2026-03-23', 7.52),
  (975, 22, 351, '2026-03-24', 9.91),
  (976, 23, 388, '2026-03-24', 13.19),
  (977, 23, 76, '2026-03-25', 13.0),
  (978, 23, 339, '2026-03-27', 13.17),
  (979, 24, 292, '2026-03-26', 12.65),
  (980, 24, 407, '2026-03-25', 13.47),
  (981, 24, 348, '2026-03-27', 10.52),
  (982, 24, 156, '2026-03-27', 11.71),
  (983, 26, 28, '2026-03-25', 6.83),
  (984, 26, 1, '2026-03-25', 9.1),
  (985, 26, 361, '2026-03-24', 7.8),
  (986, 26, 287, '2026-03-27', 7.68),
  (987, 26, 421, '2026-03-25', 8.64),
  (988, 27, 340, '2026-03-24', 12.4),
  (989, 27, 89, '2026-03-26', 14.36),
  (990, 27, 244, '2026-03-25', 14.35),
  (991, 28, 65, '2026-03-23', 9.33),
  (992, 28, 69, '2026-03-26', 10.87),
  (993, 28, 6, '2026-03-24', 9.15),
  (994, 28, 37, '2026-03-26', 11.48),
  (995, 28, 332, '2026-03-27', 11.69),
  (996, 29, 283, '2026-03-25', 9.18),
  (997, 29, 420, '2026-03-26', 10.31),
  (998, 29, 231, '2026-03-27', 9.99),
  (999, 29, 197, '2026-03-24', 10.64),
  (1000, 30, 188, '2026-03-25', 8.44);
INSERT INTO time_entries (entry_id, employee_id, task_id, entry_date, hours_logged) VALUES
  (1001, 30, 18, '2026-03-26', 10.99),
  (1002, 30, 20, '2026-03-23', 8.53),
  (1003, 30, 291, '2026-03-27', 11.05),
  (1004, 30, 248, '2026-03-25', 9.49),
  (1005, 32, 323, '2026-03-23', 7.55),
  (1006, 32, 380, '2026-03-27', 7.89),
  (1007, 32, 340, '2026-03-25', 7.34),
  (1008, 32, 343, '2026-03-25', 7.11),
  (1009, 34, 376, '2026-03-25', 8.97),
  (1010, 34, 170, '2026-03-23', 10.19),
  (1011, 34, 216, '2026-03-27', 10.35),
  (1012, 34, 181, '2026-03-27', 8.88),
  (1013, 34, 409, '2026-03-26', 9.83),
  (1014, 35, 415, '2026-03-25', 10.45),
  (1015, 35, 378, '2026-03-24', 10.52),
  (1016, 35, 320, '2026-03-25', 9.76),
  (1017, 35, 14, '2026-03-27', 9.84),
  (1018, 36, 310, '2026-03-24', 9.81),
  (1019, 36, 90, '2026-03-25', 10.26),
  (1020, 36, 303, '2026-03-25', 10.18),
  (1021, 37, 442, '2026-03-27', 8.3),
  (1022, 37, 17, '2026-03-24', 8.01),
  (1023, 37, 176, '2026-03-26', 7.81),
  (1024, 37, 44, '2026-03-24', 7.48),
  (1025, 37, 75, '2026-03-24', 6.13),
  (1026, 38, 136, '2026-03-24', 6.89),
  (1027, 38, 387, '2026-03-26', 6.4),
  (1028, 38, 420, '2026-03-27', 6.2),
  (1029, 38, 60, '2026-03-26', 6.92),
  (1030, 38, 27, '2026-03-24', 7.09),
  (1031, 39, 196, '2026-03-23', 7.54),
  (1032, 39, 348, '2026-03-27', 9.16),
  (1033, 39, 162, '2026-03-26', 9.08),
  (1034, 39, 272, '2026-03-25', 8.25),
  (1035, 40, 300, '2026-03-24', 6.3),
  (1036, 40, 201, '2026-03-27', 6.41),
  (1037, 40, 237, '2026-03-27', 5.11),
  (1038, 40, 396, '2026-03-24', 5.04),
  (1039, 40, 346, '2026-03-23', 6.12),
  (1040, 41, 269, '2026-03-26', 8.89),
  (1041, 41, 54, '2026-03-25', 8.59),
  (1042, 41, 351, '2026-03-23', 7.9),
  (1043, 43, 307, '2026-03-23', 12.76),
  (1044, 43, 327, '2026-03-27', 12.89),
  (1045, 43, 63, '2026-03-27', 14.91),
  (1046, 44, 130, '2026-03-23', 12.08),
  (1047, 44, 151, '2026-03-25', 12.47),
  (1048, 44, 240, '2026-03-25', 10.94),
  (1049, 45, 196, '2026-03-23', 10.94),
  (1050, 45, 199, '2026-03-25', 10.7),
  (1051, 45, 171, '2026-03-23', 11.64),
  (1052, 46, 331, '2026-03-24', 13.46),
  (1053, 46, 252, '2026-03-26', 12.49),
  (1054, 46, 56, '2026-03-23', 14.57),
  (1055, 47, 37, '2026-03-25', 12.5),
  (1056, 47, 293, '2026-03-23', 12.86),
  (1057, 47, 373, '2026-03-24', 12.13),
  (1058, 50, 201, '2026-03-26', 8.68),
  (1059, 50, 295, '2026-03-26', 9.78),
  (1060, 50, 2, '2026-03-23', 8.87),
  (1061, 50, 264, '2026-03-23', 8.4),
  (1062, 1, 291, '2026-03-18', 14.55),
  (1063, 1, 275, '2026-03-19', 12.67),
  (1064, 1, 184, '2026-03-16', 13.6),
  (1065, 2, 390, '2026-03-17', 7.78),
  (1066, 2, 393, '2026-03-16', 10.15),
  (1067, 2, 149, '2026-03-17', 8.15),
  (1068, 2, 332, '2026-03-19', 9.94),
  (1069, 3, 454, '2026-03-17', 12.25),
  (1070, 3, 324, '2026-03-17', 11.91),
  (1071, 3, 225, '2026-03-20', 12.55),
  (1072, 4, 158, '2026-03-19', 9.8),
  (1073, 4, 256, '2026-03-16', 7.01),
  (1074, 4, 274, '2026-03-16', 7.91),
  (1075, 4, 428, '2026-03-16', 8.12),
  (1076, 4, 416, '2026-03-17', 9.32),
  (1077, 5, 446, '2026-03-20', 7.2),
  (1078, 5, 448, '2026-03-16', 6.61),
  (1079, 5, 275, '2026-03-17', 7.97),
  (1080, 5, 77, '2026-03-16', 7.91),
  (1081, 5, 380, '2026-03-20', 6.64),
  (1082, 6, 324, '2026-03-16', 11.54),
  (1083, 6, 26, '2026-03-17', 12.67),
  (1084, 6, 158, '2026-03-16', 12.62),
  (1085, 8, 33, '2026-03-19', 13.51),
  (1086, 8, 412, '2026-03-19', 13.47),
  (1087, 8, 104, '2026-03-20', 14.14),
  (1088, 9, 392, '2026-03-17', 16.84),
  (1089, 9, 24, '2026-03-16', 16.66),
  (1090, 9, 304, '2026-03-19', 16.34),
  (1091, 10, 298, '2026-03-16', 12.54),
  (1092, 10, 21, '2026-03-20', 11.3),
  (1093, 10, 69, '2026-03-17', 10.21),
  (1094, 11, 46, '2026-03-20', 10.49),
  (1095, 11, 362, '2026-03-19', 9.91),
  (1096, 11, 334, '2026-03-19', 9.91),
  (1097, 12, 231, '2026-03-16', 8.29),
  (1098, 12, 211, '2026-03-19', 8.34),
  (1099, 12, 123, '2026-03-16', 8.38),
  (1100, 12, 90, '2026-03-18', 7.54),
  (1101, 12, 313, '2026-03-16', 8.17),
  (1102, 13, 317, '2026-03-20', 17.36),
  (1103, 13, 186, '2026-03-19', 18.14),
  (1104, 13, 442, '2026-03-17', 16.66),
  (1105, 14, 433, '2026-03-16', 7.06),
  (1106, 14, 243, '2026-03-18', 7.76),
  (1107, 14, 255, '2026-03-19', 7.65),
  (1108, 14, 91, '2026-03-20', 9.32),
  (1109, 14, 82, '2026-03-19', 7.03),
  (1110, 15, 81, '2026-03-19', 16.04),
  (1111, 15, 403, '2026-03-16', 17.19),
  (1112, 15, 15, '2026-03-19', 16.28),
  (1113, 16, 167, '2026-03-16', 6.21),
  (1114, 16, 118, '2026-03-19', 8.11),
  (1115, 16, 399, '2026-03-19', 8.17),
  (1116, 16, 57, '2026-03-16', 6.91),
  (1117, 16, 117, '2026-03-19', 5.66),
  (1118, 17, 233, '2026-03-19', 7.66),
  (1119, 17, 92, '2026-03-18', 8.43),
  (1120, 17, 199, '2026-03-17', 6.51),
  (1121, 17, 192, '2026-03-16', 7.58),
  (1122, 17, 70, '2026-03-16', 6.34),
  (1123, 19, 113, '2026-03-17', 10.87),
  (1124, 19, 454, '2026-03-20', 11.22),
  (1125, 19, 152, '2026-03-20', 11.41),
  (1126, 19, 310, '2026-03-17', 8.76),
  (1127, 20, 303, '2026-03-19', 12.67),
  (1128, 20, 243, '2026-03-19', 14.04),
  (1129, 20, 429, '2026-03-17', 12.58),
  (1130, 21, 77, '2026-03-16', 8.47),
  (1131, 21, 294, '2026-03-20', 5.6),
  (1132, 21, 3, '2026-03-20', 6.68),
  (1133, 21, 214, '2026-03-16', 6.86),
  (1134, 21, 23, '2026-03-17', 5.75),
  (1135, 22, 112, '2026-03-17', 10.94),
  (1136, 22, 68, '2026-03-16', 9.05),
  (1137, 22, 184, '2026-03-18', 9.49),
  (1138, 22, 152, '2026-03-19', 11.57),
  (1139, 23, 238, '2026-03-19', 6.05),
  (1140, 23, 396, '2026-03-18', 7.38),
  (1141, 23, 71, '2026-03-16', 8.08),
  (1142, 23, 448, '2026-03-16', 6.65),
  (1143, 24, 219, '2026-03-20', 10.13),
  (1144, 24, 386, '2026-03-17', 10.86),
  (1145, 24, 139, '2026-03-16', 10.36),
  (1146, 24, 358, '2026-03-18', 10.71),
  (1147, 26, 57, '2026-03-19', 14.36),
  (1148, 26, 197, '2026-03-18', 13.6),
  (1149, 26, 188, '2026-03-20', 14.61),
  (1150, 27, 172, '2026-03-16', 14.45),
  (1151, 27, 123, '2026-03-20', 15.11),
  (1152, 27, 277, '2026-03-17', 14.76),
  (1153, 28, 258, '2026-03-16', 7.44),
  (1154, 28, 349, '2026-03-18', 8.61),
  (1155, 28, 217, '2026-03-20', 8.83),
  (1156, 28, 142, '2026-03-16', 8.66),
  (1157, 29, 232, '2026-03-16', 11.07),
  (1158, 29, 318, '2026-03-19', 10.76),
  (1159, 29, 189, '2026-03-19', 13.19),
  (1160, 29, 410, '2026-03-18', 13.37),
  (1161, 31, 255, '2026-03-17', 11.73),
  (1162, 31, 78, '2026-03-16', 11.05),
  (1163, 31, 448, '2026-03-20', 12.96),
  (1164, 32, 331, '2026-03-16', 9.12),
  (1165, 32, 11, '2026-03-17', 9.0),
  (1166, 32, 150, '2026-03-20', 8.43),
  (1167, 32, 97, '2026-03-19', 8.24),
  (1168, 32, 33, '2026-03-18', 7.96),
  (1169, 33, 228, '2026-03-18', 7.02),
  (1170, 33, 235, '2026-03-18', 7.18),
  (1171, 33, 156, '2026-03-18', 9.41),
  (1172, 33, 291, '2026-03-16', 6.95),
  (1173, 33, 68, '2026-03-18', 7.87),
  (1174, 34, 275, '2026-03-17', 8.58),
  (1175, 34, 147, '2026-03-16', 8.22),
  (1176, 34, 94, '2026-03-18', 9.82),
  (1177, 34, 90, '2026-03-19', 8.88),
  (1178, 34, 430, '2026-03-17', 8.72),
  (1179, 35, 76, '2026-03-17', 10.6),
  (1180, 35, 191, '2026-03-16', 11.76),
  (1181, 35, 230, '2026-03-19', 11.79),
  (1182, 35, 277, '2026-03-17', 11.84),
  (1183, 36, 280, '2026-03-18', 6.92),
  (1184, 36, 260, '2026-03-18', 8.41),
  (1185, 36, 170, '2026-03-20', 7.5),
  (1186, 36, 332, '2026-03-20', 7.69),
  (1187, 36, 362, '2026-03-19', 6.52),
  (1188, 38, 283, '2026-03-20', 6.62),
  (1189, 38, 60, '2026-03-19', 5.17),
  (1190, 38, 158, '2026-03-18', 4.27),
  (1191, 38, 13, '2026-03-17', 5.85),
  (1192, 38, 206, '2026-03-17', 6.44),
  (1193, 39, 276, '2026-03-16', 13.09),
  (1194, 39, 435, '2026-03-19', 10.75),
  (1195, 39, 229, '2026-03-18', 11.98),
  (1196, 40, 185, '2026-03-19', 5.21),
  (1197, 40, 204, '2026-03-18', 4.14),
  (1198, 40, 76, '2026-03-18', 5.15),
  (1199, 40, 367, '2026-03-19', 6.72),
  (1200, 40, 438, '2026-03-16', 4.75),
  (1201, 41, 412, '2026-03-19', 11.19),
  (1202, 41, 227, '2026-03-19', 9.42),
  (1203, 41, 148, '2026-03-20', 10.79),
  (1204, 41, 84, '2026-03-17', 9.62),
  (1205, 42, 34, '2026-03-16', 10.52),
  (1206, 42, 303, '2026-03-18', 11.74),
  (1207, 42, 388, '2026-03-20', 11.89),
  (1208, 42, 193, '2026-03-20', 12.77),
  (1209, 44, 252, '2026-03-20', 7.41),
  (1210, 44, 22, '2026-03-20', 8.72),
  (1211, 44, 422, '2026-03-17', 6.58),
  (1212, 44, 424, '2026-03-16', 6.96),
  (1213, 44, 155, '2026-03-18', 9.37),
  (1214, 45, 341, '2026-03-17', 6.59),
  (1215, 45, 148, '2026-03-18', 7.98),
  (1216, 45, 214, '2026-03-16', 8.3),
  (1217, 45, 92, '2026-03-18', 8.24),
  (1218, 45, 252, '2026-03-20', 7.81),
  (1219, 46, 419, '2026-03-20', 6.95),
  (1220, 46, 62, '2026-03-18', 7.39),
  (1221, 46, 192, '2026-03-16', 7.34),
  (1222, 46, 263, '2026-03-19', 9.53),
  (1223, 46, 376, '2026-03-17', 7.97),
  (1224, 48, 25, '2026-03-16', 10.04),
  (1225, 48, 149, '2026-03-17', 10.79),
  (1226, 48, 150, '2026-03-20', 10.76),
  (1227, 48, 272, '2026-03-20', 9.47),
  (1228, 49, 139, '2026-03-18', 10.79),
  (1229, 49, 351, '2026-03-20', 11.55),
  (1230, 49, 358, '2026-03-17', 10.54),
  (1231, 49, 353, '2026-03-20', 11.34),
  (1232, 50, 53, '2026-03-20', 12.5),
  (1233, 50, 112, '2026-03-17', 14.22),
  (1234, 50, 80, '2026-03-20', 13.67),
  (1235, 1, 365, '2026-03-09', 7.75),
  (1236, 1, 283, '2026-03-09', 6.85),
  (1237, 1, 360, '2026-03-10', 9.27),
  (1238, 1, 388, '2026-03-12', 7.54),
  (1239, 1, 411, '2026-03-11', 6.92),
  (1240, 2, 391, '2026-03-09', 11.13),
  (1241, 2, 176, '2026-03-09', 9.57),
  (1242, 2, 89, '2026-03-10', 10.96),
  (1243, 2, 364, '2026-03-11', 9.28),
  (1244, 2, 156, '2026-03-10', 11.84),
  (1245, 3, 40, '2026-03-12', 14.77),
  (1246, 3, 10, '2026-03-09', 13.09),
  (1247, 3, 397, '2026-03-09', 14.88),
  (1248, 4, 130, '2026-03-11', 9.84),
  (1249, 4, 23, '2026-03-09', 10.18),
  (1250, 4, 34, '2026-03-13', 8.45),
  (1251, 5, 15, '2026-03-11', 10.1),
  (1252, 5, 47, '2026-03-11', 8.31),
  (1253, 5, 75, '2026-03-13', 9.59),
  (1254, 5, 434, '2026-03-13', 7.98),
  (1255, 6, 391, '2026-03-10', 6.99),
  (1256, 6, 8, '2026-03-10', 6.8),
  (1257, 6, 271, '2026-03-13', 4.11),
  (1258, 6, 112, '2026-03-09', 6.87),
  (1259, 6, 367, '2026-03-13', 6.65),
  (1260, 7, 226, '2026-03-10', 15.0),
  (1261, 7, 345, '2026-03-12', 13.77),
  (1262, 7, 55, '2026-03-13', 13.18),
  (1263, 9, 267, '2026-03-11', 12.28),
  (1264, 9, 70, '2026-03-13', 12.33),
  (1265, 9, 254, '2026-03-09', 11.15),
  (1266, 11, 352, '2026-03-13', 9.72),
  (1267, 11, 431, '2026-03-12', 9.07),
  (1268, 11, 228, '2026-03-09', 11.18),
  (1269, 11, 116, '2026-03-12', 11.32),
  (1270, 12, 252, '2026-03-13', 6.08),
  (1271, 12, 345, '2026-03-09', 4.46),
  (1272, 12, 54, '2026-03-12', 5.3),
  (1273, 12, 203, '2026-03-13', 7.03),
  (1274, 12, 225, '2026-03-10', 4.29),
  (1275, 13, 433, '2026-03-12', 7.68),
  (1276, 13, 207, '2026-03-11', 7.79),
  (1277, 13, 63, '2026-03-13', 7.28),
  (1278, 13, 120, '2026-03-12', 6.57),
  (1279, 13, 430, '2026-03-13', 8.35),
  (1280, 14, 394, '2026-03-09', 12.59),
  (1281, 14, 233, '2026-03-12', 12.53),
  (1282, 14, 56, '2026-03-10', 11.92),
  (1283, 15, 348, '2026-03-13', 12.54),
  (1284, 15, 14, '2026-03-10', 11.41),
  (1285, 15, 92, '2026-03-13', 10.79),
  (1286, 15, 196, '2026-03-09', 12.48),
  (1287, 16, 104, '2026-03-12', 10.01),
  (1288, 16, 151, '2026-03-13', 9.53),
  (1289, 16, 339, '2026-03-13', 10.14),
  (1290, 16, 255, '2026-03-09', 11.47),
  (1291, 17, 162, '2026-03-12', 7.36),
  (1292, 17, 437, '2026-03-10', 8.92),
  (1293, 17, 193, '2026-03-11', 9.9),
  (1294, 17, 227, '2026-03-10', 8.72),
  (1295, 19, 292, '2026-03-13', 13.89),
  (1296, 19, 346, '2026-03-13', 13.24),
  (1297, 19, 252, '2026-03-13', 14.4),
  (1298, 20, 303, '2026-03-11', 10.8),
  (1299, 20, 194, '2026-03-11', 9.46),
  (1300, 20, 316, '2026-03-09', 10.27),
  (1301, 20, 347, '2026-03-10', 11.01),
  (1302, 21, 392, '2026-03-12', 12.79),
  (1303, 21, 321, '2026-03-11', 15.48),
  (1304, 21, 175, '2026-03-12', 13.55),
  (1305, 22, 160, '2026-03-11', 5.84),
  (1306, 22, 304, '2026-03-10', 5.56),
  (1307, 22, 44, '2026-03-11', 5.61),
  (1308, 22, 353, '2026-03-12', 7.2),
  (1309, 22, 34, '2026-03-12', 6.3),
  (1310, 23, 194, '2026-03-13', 8.79),
  (1311, 23, 293, '2026-03-12', 8.8),
  (1312, 23, 200, '2026-03-10', 9.51),
  (1313, 23, 166, '2026-03-13', 10.93),
  (1314, 24, 187, '2026-03-09', 9.77),
  (1315, 24, 224, '2026-03-13', 7.89),
  (1316, 24, 104, '2026-03-11', 7.39),
  (1317, 24, 255, '2026-03-13', 8.46),
  (1318, 25, 368, '2026-03-09', 14.28),
  (1319, 25, 433, '2026-03-11', 12.7),
  (1320, 25, 297, '2026-03-13', 13.93),
  (1321, 26, 422, '2026-03-12', 8.89),
  (1322, 26, 155, '2026-03-11', 7.5),
  (1323, 26, 259, '2026-03-12', 7.65),
  (1324, 26, 412, '2026-03-13', 8.26),
  (1325, 26, 154, '2026-03-13', 7.44),
  (1326, 28, 256, '2026-03-12', 8.9),
  (1327, 28, 110, '2026-03-13', 10.53),
  (1328, 28, 339, '2026-03-12', 10.9),
  (1329, 28, 422, '2026-03-09', 9.67),
  (1330, 28, 381, '2026-03-11', 9.49),
  (1331, 29, 433, '2026-03-09', 10.9),
  (1332, 29, 223, '2026-03-12', 9.8),
  (1333, 29, 211, '2026-03-11', 10.94),
  (1334, 29, 164, '2026-03-11', 11.06),
  (1335, 30, 99, '2026-03-11', 11.56),
  (1336, 30, 15, '2026-03-13', 13.14),
  (1337, 30, 126, '2026-03-12', 12.11),
  (1338, 32, 405, '2026-03-13', 7.78),
  (1339, 32, 412, '2026-03-09', 10.14),
  (1340, 32, 143, '2026-03-12', 9.6),
  (1341, 32, 338, '2026-03-09', 9.83),
  (1342, 34, 187, '2026-03-09', 11.69),
  (1343, 34, 344, '2026-03-10', 11.21),
  (1344, 34, 337, '2026-03-13', 12.7),
  (1345, 34, 454, '2026-03-09', 12.07),
  (1346, 35, 129, '2026-03-13', 8.47),
  (1347, 35, 255, '2026-03-11', 9.09),
  (1348, 35, 453, '2026-03-13', 10.31),
  (1349, 35, 47, '2026-03-10', 10.91),
  (1350, 35, 122, '2026-03-10', 8.53),
  (1351, 36, 210, '2026-03-09', 12.97),
  (1352, 36, 131, '2026-03-11', 13.6),
  (1353, 36, 442, '2026-03-09', 12.45),
  (1354, 36, 302, '2026-03-12', 12.92),
  (1355, 37, 186, '2026-03-11', 12.63),
  (1356, 37, 244, '2026-03-09', 12.1),
  (1357, 37, 367, '2026-03-13', 10.27),
  (1358, 38, 354, '2026-03-10', 13.26),
  (1359, 38, 404, '2026-03-12', 13.43),
  (1360, 38, 344, '2026-03-11', 15.21),
  (1361, 39, 440, '2026-03-09', 14.56),
  (1362, 39, 227, '2026-03-12', 14.62),
  (1363, 39, 199, '2026-03-11', 12.74),
  (1364, 40, 108, '2026-03-11', 11.64),
  (1365, 40, 441, '2026-03-12', 11.37),
  (1366, 40, 83, '2026-03-11', 11.6),
  (1367, 40, 225, '2026-03-12', 10.41),
  (1368, 41, 217, '2026-03-10', 10.2),
  (1369, 41, 449, '2026-03-13', 8.3),
  (1370, 41, 420, '2026-03-12', 9.91),
  (1371, 41, 52, '2026-03-13', 10.31),
  (1372, 41, 423, '2026-03-12', 10.19),
  (1373, 42, 323, '2026-03-10', 11.84),
  (1374, 42, 228, '2026-03-10', 13.72),
  (1375, 42, 406, '2026-03-11', 13.56),
  (1376, 44, 391, '2026-03-12', 9.28),
  (1377, 44, 67, '2026-03-11', 8.25),
  (1378, 44, 434, '2026-03-10', 7.68),
  (1379, 44, 305, '2026-03-13', 9.38),
  (1380, 44, 352, '2026-03-11', 7.5),
  (1381, 45, 428, '2026-03-09', 10.09),
  (1382, 45, 453, '2026-03-13', 9.19),
  (1383, 45, 293, '2026-03-10', 9.97),
  (1384, 45, 115, '2026-03-12', 7.84),
  (1385, 46, 317, '2026-03-10', 7.52),
  (1386, 46, 220, '2026-03-11', 7.76),
  (1387, 46, 308, '2026-03-13', 7.6),
  (1388, 46, 134, '2026-03-13', 8.56),
  (1389, 47, 254, '2026-03-10', 9.34),
  (1390, 47, 61, '2026-03-11', 7.36),
  (1391, 47, 115, '2026-03-12', 7.65),
  (1392, 47, 366, '2026-03-12', 9.07),
  (1393, 47, 105, '2026-03-13', 7.15),
  (1394, 48, 215, '2026-03-10', 12.59),
  (1395, 48, 93, '2026-03-11', 13.21),
  (1396, 48, 210, '2026-03-12', 15.22),
  (1397, 49, 44, '2026-03-11', 11.92),
  (1398, 49, 6, '2026-03-12', 11.06),
  (1399, 49, 241, '2026-03-12', 11.13),
  (1400, 49, 69, '2026-03-13', 9.77),
  (1401, 35, 163, '2026-05-01', 9.1),
  (1402, 31, 196, '2026-04-28', 8.57),
  (1403, 41, 358, '2026-04-10', 11.43),
  (1404, 33, 50, '2026-04-17', 11.77),
  (1405, 19, 406, '2026-03-27', 9.48),
  (1406, 3, 376, '2026-04-02', 11.57),
  (1407, 2, 89, '2026-03-10', 10.96),
  (1408, 42, 228, '2026-03-10', 13.72),
  (1409, 48, 150, '2026-03-20', 10.76),
  (1410, 26, 81, '2026-04-28', 17.15),
  (1411, 4, 93, '2026-04-29', 7.99),
  (1412, 42, 142, '2026-04-15', 8.36),
  (1413, 39, 272, '2026-03-25', 8.25),
  (1414, 12, 252, '2026-03-13', 6.08);

-- project_budget_actuals: 240 rows
INSERT INTO project_budget_actuals (record_id, project_id, month_start, budgeted_amount, actual_amount) VALUES
  (1, 1, '2025-06-01', 4946.34, 8607.51),
  (2, 1, '2025-07-01', 4808.32, 7081.54),
  (3, 1, '2025-08-01', 4850.62, 4395.82),
  (4, 1, '2025-09-01', 5382.81, 8182.51),
  (5, 1, '2025-10-01', 4999.37, 3941.84),
  (6, 1, '2025-11-01', 5378.7, 4630.66),
  (7, 1, '2025-12-01', 4824.8, 4583.3),
  (8, 1, '2026-01-01', 4888.47, 6192.54),
  (9, 1, '2026-02-01', 4944.07, 5426.9),
  (10, 1, '2026-03-01', 5322.23, 6069.2),
  (11, 1, '2026-04-01', 4810.57, 4183.61),
  (12, 1, '2026-05-01', 5263.67, 7275.83),
  (13, 2, '2025-06-01', 6328.68, 5173.61),
  (14, 2, '2025-07-01', 6634.93, 4842.05),
  (15, 2, '2025-08-01', 6307.79, 3736.28),
  (16, 2, '2025-09-01', 6631.61, 6071.54),
  (17, 2, '2025-10-01', 6257.09, 5068.67),
  (18, 2, '2025-11-01', 7088.19, 6942.06),
  (19, 2, '2025-12-01', 6661.24, 5331.65),
  (20, 2, '2026-01-01', 6604.29, 6831.0),
  (21, 2, '2026-02-01', 7188.07, 5662.31),
  (22, 2, '2026-03-01', 6731.58, 4859.25),
  (23, 2, '2026-04-01', 6621.61, 3834.03),
  (24, 2, '2026-05-01', 6253.32, 3285.4),
  (25, 3, '2025-06-01', 26067.39, 15996.68),
  (26, 3, '2025-07-01', 23722.28, 19586.82),
  (27, 3, '2025-08-01', 26681.65, 16988.48),
  (28, 3, '2025-09-01', 23984.63, 18420.31),
  (29, 3, '2025-10-01', 24992.44, 28232.15),
  (30, 3, '2025-11-01', 23377.22, 26717.78),
  (31, 3, '2025-12-01', 24314.63, 28011.6),
  (32, 3, '2026-01-01', 24137.13, 23392.36),
  (33, 3, '2026-02-01', 26925.34, 25171.66),
  (34, 3, '2026-03-01', 23487.96, 17142.78),
  (35, 3, '2026-04-01', 24494.23, 31136.52),
  (36, 3, '2026-05-01', 26716.59, 13432.94),
  (37, 4, '2025-06-01', 35719.56, 34379.09),
  (38, 4, '2025-07-01', 35999.05, 24942.75),
  (39, 4, '2025-08-01', 35503.35, 38756.62),
  (40, 4, '2025-09-01', 34917.51, 46681.74),
  (41, 4, '2025-10-01', 31356.37, 39385.0),
  (42, 4, '2025-11-01', 35270.82, 44140.63),
  (43, 4, '2025-12-01', 34941.64, 32642.75),
  (44, 4, '2026-01-01', 32175.75, 45090.13),
  (45, 4, '2026-02-01', 34923.45, 34567.67),
  (46, 4, '2026-03-01', 34633.6, 25422.23),
  (47, 4, '2026-04-01', 33584.83, 43948.74),
  (48, 4, '2026-05-01', 33878.89, 38528.25),
  (49, 5, '2025-06-01', 5240.88, 1816.82),
  (50, 5, '2025-07-01', 5188.71, 1789.56),
  (51, 5, '2025-08-01', 5337.36, 2748.96),
  (52, 5, '2025-09-01', 5322.99, 2076.65),
  (53, 5, '2025-10-01', 5082.81, 1392.69),
  (54, 5, '2025-11-01', 4887.24, 1731.97),
  (55, 5, '2025-12-01', 4676.89, 2057.83),
  (56, 5, '2026-01-01', 4893.97, 2082.94),
  (57, 5, '2026-02-01', 4759.9, 2525.36),
  (58, 5, '2026-03-01', 4956.35, 3080.74),
  (59, 5, '2026-04-01', 4910.47, 1634.21),
  (60, 5, '2026-05-01', 4814.78, 1895.23),
  (61, 6, '2025-06-01', 33478.82, 16049.35),
  (62, 6, '2025-07-01', 34118.54, 22396.99),
  (63, 6, '2025-08-01', 31114.51, 21359.78),
  (64, 6, '2025-09-01', 33163.84, 17885.63),
  (65, 6, '2025-10-01', 31088.98, 26372.92),
  (66, 6, '2025-11-01', 34941.57, 16101.41),
  (67, 6, '2025-12-01', 32268.76, 24131.48),
  (68, 6, '2026-01-01', 35915.66, 32916.76),
  (69, 6, '2026-02-01', 34316.34, 27246.88),
  (70, 6, '2026-03-01', 32268.85, 26696.2),
  (71, 6, '2026-04-01', 31992.82, 27957.36),
  (72, 6, '2026-05-01', 32947.9, 32102.96),
  (73, 7, '2025-06-01', 25962.06, 12118.67),
  (74, 7, '2025-07-01', 24851.52, 15530.8),
  (75, 7, '2025-08-01', 26144.71, 11768.62),
  (76, 7, '2025-09-01', 26371.64, 11742.88),
  (77, 7, '2025-10-01', 23181.03, 10833.44),
  (78, 7, '2025-11-01', 24665.01, 11314.44),
  (79, 7, '2025-12-01', 25817.51, 13695.83),
  (80, 7, '2026-01-01', 24255.79, 14557.6),
  (81, 7, '2026-02-01', 25896.38, 10297.26),
  (82, 7, '2026-03-01', 26029.42, 12440.72),
  (83, 7, '2026-04-01', 24799.79, 14146.09),
  (84, 7, '2026-05-01', 26231.34, 7137.74),
  (85, 8, '2025-06-01', 24840.65, 15628.08),
  (86, 8, '2025-07-01', 24620.37, 14615.27),
  (87, 8, '2025-08-01', 25630.87, 9003.99),
  (88, 8, '2025-09-01', 25976.99, 7759.37),
  (89, 8, '2025-10-01', 25903.65, 16228.38),
  (90, 8, '2025-11-01', 24211.2, 9456.02),
  (91, 8, '2025-12-01', 26252.53, 13335.53),
  (92, 8, '2026-01-01', 25466.98, 11090.69),
  (93, 8, '2026-02-01', 25762.65, 7194.39),
  (94, 8, '2026-03-01', 26852.57, 10726.57),
  (95, 8, '2026-04-01', 25700.41, 7151.19),
  (96, 8, '2026-05-01', 26218.56, 13170.57),
  (97, 9, '2025-06-01', 9337.75, 8382.61),
  (98, 9, '2025-07-01', 10431.55, 8910.01),
  (99, 9, '2025-08-01', 9437.07, 14830.75),
  (100, 9, '2025-09-01', 9875.01, 13694.88),
  (101, 9, '2025-10-01', 9386.33, 8885.57),
  (102, 9, '2025-11-01', 10643.86, 7356.95),
  (103, 9, '2025-12-01', 10382.05, 11659.49),
  (104, 9, '2026-01-01', 9912.43, 8477.7),
  (105, 9, '2026-02-01', 9976.07, 9392.81),
  (106, 9, '2026-03-01', 9231.4, 15078.14),
  (107, 9, '2026-04-01', 9919.23, 15230.61),
  (108, 9, '2026-05-01', 9588.21, 12203.72),
  (109, 10, '2025-06-01', 4919.74, 4293.11),
  (110, 10, '2025-07-01', 5010.68, 3103.35),
  (111, 10, '2025-08-01', 5179.69, 2946.02),
  (112, 10, '2025-09-01', 5348.22, 2317.63),
  (113, 10, '2025-10-01', 5324.06, 4342.53),
  (114, 10, '2025-11-01', 5294.11, 3212.22),
  (115, 10, '2025-12-01', 4785.52, 3168.46),
  (116, 10, '2026-01-01', 4648.56, 3385.95),
  (117, 10, '2026-02-01', 4615.22, 3611.44),
  (118, 10, '2026-03-01', 5061.12, 4025.73),
  (119, 10, '2026-04-01', 5042.6, 4754.04),
  (120, 10, '2026-05-01', 4814.28, 2139.2),
  (121, 11, '2025-06-01', 10295.96, 11380.7),
  (122, 11, '2025-07-01', 10674.78, 6019.25),
  (123, 11, '2025-08-01', 10565.53, 9530.76),
  (124, 11, '2025-09-01', 10344.32, 9693.8),
  (125, 11, '2025-10-01', 9949.55, 8320.08),
  (126, 11, '2025-11-01', 10613.08, 8236.1),
  (127, 11, '2025-12-01', 10356.79, 6327.47),
  (128, 11, '2026-01-01', 9824.59, 10249.45),
  (129, 11, '2026-02-01', 9866.98, 8465.3),
  (130, 11, '2026-03-01', 10705.92, 8249.16),
  (131, 11, '2026-04-01', 10244.0, 8731.88),
  (132, 11, '2026-05-01', 9776.41, 9287.49),
  (133, 12, '2025-06-01', 6383.7, 4424.26),
  (134, 12, '2025-07-01', 6727.29, 2344.67),
  (135, 12, '2025-08-01', 7199.21, 2460.83),
  (136, 12, '2025-09-01', 6516.04, 3703.8),
  (137, 12, '2025-10-01', 6411.53, 2149.71),
  (138, 12, '2025-11-01', 6855.39, 3169.56),
  (139, 12, '2025-12-01', 6319.7, 2373.63),
  (140, 12, '2026-01-01', 7050.09, 2329.98),
  (141, 12, '2026-02-01', 6670.38, 3193.45),
  (142, 12, '2026-03-01', 6993.94, 3968.04),
  (143, 12, '2026-04-01', 6493.58, 4352.56),
  (144, 12, '2026-05-01', 6254.9, 3197.41),
  (145, 13, '2025-06-01', 4640.34, 1979.94),
  (146, 13, '2025-07-01', 5357.01, 1865.82),
  (147, 13, '2025-08-01', 5239.19, 2631.39),
  (148, 13, '2025-09-01', 5370.12, 2316.33),
  (149, 13, '2025-10-01', 5204.61, 2292.92),
  (150, 13, '2025-11-01', 5379.73, 2294.0),
  (151, 13, '2025-12-01', 5225.32, 1972.45),
  (152, 13, '2026-01-01', 5087.72, 2484.49),
  (153, 13, '2026-02-01', 5286.71, 2419.73),
  (154, 13, '2026-03-01', 4681.49, 2450.35),
  (155, 13, '2026-04-01', 5049.98, 2043.78),
  (156, 13, '2026-05-01', 5005.84, 1289.0),
  (157, 14, '2025-06-01', 19839.63, 9907.98),
  (158, 14, '2025-07-01', 22398.79, 10904.72),
  (159, 14, '2025-08-01', 21730.73, 12688.18),
  (160, 14, '2025-09-01', 19188.63, 16873.79),
  (161, 14, '2025-10-01', 21949.38, 16643.39),
  (162, 14, '2025-11-01', 20745.54, 17257.48),
  (163, 14, '2025-12-01', 20122.53, 14249.06),
  (164, 14, '2026-01-01', 19737.54, 18496.21),
  (165, 14, '2026-02-01', 20053.39, 10321.58),
  (166, 14, '2026-03-01', 21550.67, 12712.13),
  (167, 14, '2026-04-01', 20550.03, 17910.31),
  (168, 14, '2026-05-01', 21264.8, 9964.18),
  (169, 15, '2025-06-01', 13040.3, 15250.49),
  (170, 15, '2025-07-01', 12935.25, 12982.44),
  (171, 15, '2025-08-01', 12534.7, 15595.52),
  (172, 15, '2025-09-01', 11639.16, 9008.97),
  (173, 15, '2025-10-01', 12176.61, 11959.52),
  (174, 15, '2025-11-01', 12303.3, 16922.57),
  (175, 15, '2025-12-01', 13044.75, 16720.12),
  (176, 15, '2026-01-01', 12368.14, 17265.69),
  (177, 15, '2026-02-01', 12286.53, 12845.53),
  (178, 15, '2026-03-01', 11574.19, 14530.09),
  (179, 15, '2026-04-01', 13345.04, 17183.51),
  (180, 15, '2026-05-01', 11801.9, 12099.07),
  (181, 16, '2025-06-01', 35077.35, 33286.93),
  (182, 16, '2025-07-01', 35467.78, 33331.51),
  (183, 16, '2025-08-01', 33922.14, 29844.78),
  (184, 16, '2025-09-01', 31449.93, 31323.32),
  (185, 16, '2025-10-01', 32821.0, 33189.22),
  (186, 16, '2025-11-01', 34100.69, 22528.13),
  (187, 16, '2025-12-01', 35400.43, 31515.4),
  (188, 16, '2026-01-01', 33996.58, 27951.29),
  (189, 16, '2026-02-01', 33963.67, 31279.65),
  (190, 16, '2026-03-01', 33024.77, 28351.27),
  (191, 16, '2026-04-01', 32508.0, 20493.42),
  (192, 16, '2026-05-01', 34996.43, 21080.31),
  (193, 17, '2025-06-01', 6496.76, 5831.98),
  (194, 17, '2025-07-01', 6811.4, 6235.62),
  (195, 17, '2025-08-01', 6158.32, 3189.66),
  (196, 17, '2025-09-01', 7083.01, 4922.18),
  (197, 17, '2025-10-01', 6709.26, 4358.48),
  (198, 17, '2025-11-01', 6409.27, 5615.89),
  (199, 17, '2025-12-01', 7021.04, 6231.42),
  (200, 17, '2026-01-01', 6457.54, 4857.32),
  (201, 17, '2026-02-01', 6584.26, 4935.01),
  (202, 17, '2026-03-01', 6672.29, 3684.59),
  (203, 17, '2026-04-01', 6914.12, 4823.68),
  (204, 17, '2026-05-01', 7031.02, 4061.25),
  (205, 18, '2025-06-01', 22291.8, 17140.88),
  (206, 18, '2025-07-01', 21385.07, 11910.88),
  (207, 18, '2025-08-01', 21981.65, 20535.81),
  (208, 18, '2025-09-01', 19946.13, 23054.57),
  (209, 18, '2025-10-01', 20164.01, 16339.9),
  (210, 18, '2025-11-01', 21389.74, 18026.02),
  (211, 18, '2025-12-01', 21883.6, 10294.26),
  (212, 18, '2026-01-01', 21075.89, 14843.81),
  (213, 18, '2026-02-01', 19633.24, 13441.42),
  (214, 18, '2026-03-01', 20425.55, 20388.57),
  (215, 18, '2026-04-01', 21625.04, 18150.86),
  (216, 18, '2026-05-01', 19517.42, 19964.5),
  (217, 19, '2025-06-01', 16407.34, 6909.56),
  (218, 19, '2025-07-01', 16823.92, 11205.28),
  (219, 19, '2025-08-01', 17410.2, 8828.39),
  (220, 19, '2025-09-01', 17658.71, 6572.33),
  (221, 19, '2025-10-01', 16891.48, 8618.6),
  (222, 19, '2025-11-01', 17030.56, 8518.62),
  (223, 19, '2025-12-01', 17990.7, 6174.24),
  (224, 19, '2026-01-01', 17170.71, 8612.7),
  (225, 19, '2026-02-01', 17860.85, 6451.45),
  (226, 19, '2026-03-01', 17284.58, 7072.51),
  (227, 19, '2026-04-01', 16445.13, 6070.32),
  (228, 19, '2026-05-01', 15767.58, 10459.56),
  (229, 20, '2025-06-01', 5281.85, 4232.77),
  (230, 20, '2025-07-01', 4688.27, 4140.03),
  (231, 20, '2025-08-01', 4895.67, 5889.41),
  (232, 20, '2025-09-01', 4831.67, 4330.19),
  (233, 20, '2025-10-01', 5018.22, 4384.89),
  (234, 20, '2025-11-01', 4694.19, 4951.64),
  (235, 20, '2025-12-01', 4843.94, 4132.22),
  (236, 20, '2026-01-01', 4899.57, 2682.77),
  (237, 20, '2026-02-01', 4835.19, 3108.64),
  (238, 20, '2026-03-01', 4622.38, 4487.34),
  (239, 20, '2026-04-01', 4714.3, 5730.57),
  (240, 20, '2026-05-01', 5227.03, 2978.13);
